Poi_Name,Street_Nam,House_numb,Postcode,Telephone_,Email_addr,Website_ad,Poi_id,Location_a,Easting,Northing,Height,School_typ,Category_1,Category,Number_of_,Branch_nam,No_name,Poi_pictur,Poi_pict_1,,,,,,,,,,
ABC Park,Ogui Road,121,400,,,,POI032062,5,7.498344,6.445458,236.5,Others,Transportation,,,,,,,,,,,,,,,,
103 Bataloon Nigeria Army,Agbani Road,0,400,,,,POI032539,2,7.494291,6.394293,207.800003,Army Barrack,Security,,,,,,,,,,,,,,,,
Police Area Command Headquaters,Abakaliki Road,0,400,,,,POI032479,5,7.523571,6.464367,224.199997,Police Post,Security,,,,,,,,,,,,,,,,
Divisional Police Headquater,Ogwugo Opi Expressway,0,400,,,,POI032554,4,7.515555,6.507975,188.699997,Police Post,Security,,,,,,,,,,,,,,,,
Nigeria Prisons Service,Okpara Avenue,0,400,,,,POI032588,2,7.483458,6.438333,249.300003,Others,Security,,,,,,,,,,,,,,,,
The Nigeria Police Force Abakili Road Enugu,Abakaliki Road,0,400,,,,POI032482,5,7.501441,6.46137,200.800003,Police Post,Security,,,,,,,,,,,,,,,,
"The Nigerian Police Station Divisional Headquarters, Uwani",Zik Avenue,0,400,,,,POI032494,4,7.494101,6.430357,237.5,Police Barrack,Security,,,,,,,,,,,,,,,,
Headquarters 82 Division,Abakaliki Road,0,400,,,,POI032472,5,7.520531,6.46483,204,Army Formation,Security,,,,,,,,,,,,,,,,
Winner Chapel,Abakaliki Road,0,400,,,,POI029459,2,7.546286,6.460347,182,,Religious Body/Place Of Worship,,,,,,,,,,,,,,,,
All Saints Anglican Church,Abakaliki Road/Okpara Avenue,0,400,,,,POI029853,2,7.495243,6.457057,232.899994,,Religious Body/Place Of Worship,,,,,,,,,,,,,,,,
Anglican  Communion,Trans Ekulu,0,400,,,,POI030697,5,7.499139,6.473848,194.699997,,Religious Body/Place Of Worship,,,,,,,,,,,,,,,,
Assemblies Of God Church,Amuri Road,16,400,,,,POI030908,3,7.513161,6.482287,215.899994,,Religious Body/Place Of Worship,,,,,,,,,,,,,,,,
Assemblies Of God Church,Nike Lake Road,0,400,,,,POI029937,5,7.501035,6.486303,219.699997,,Religious Body/Place Of Worship,,,,,,,,,,,,,,,,
Blessed Sacrament Oratory,Nza Street,78,400,,,,POI029794,2,7.533226,6.45092,189.100006,,Religious Body/Place Of Worship,,,,,,,,,,,,,,,,
Brother Hood Of Cross And Star,Abakaliki Road,0,400,,,,POI029404,5,7.540304,6.461228,197,,Religious Body/Place Of Worship,Wholesale,,,,,,,,,,,,,,,
Calvary Church Of God,Amechi,0,400,,,,POI030929,2,7.495636,6.406829,208.300003,,Religious Body/Place Of Worship,,,,,,,,,,,,,,,,
Charles Wesley Methoist Church,Umuawulu Street,0,400,,,,POI029769,2,7.522611,6.433522,234.800003,,Religious Body/Place Of Worship,,,,,,,,,,,,,,,,
Deeper Life Bible Church,Amuri Road,89,400,,,,POI030712,5,7.50598,6.481895,239.600006,,Religious Body/Place Of Worship,,,,,,,,,,,,,,,,
Deeper Life Bible Church,Independence Avenue,0,400,,,,POI029307,2,7.533637,6.445063,195.100006,,Religious Body/Place Of Worship,Wholesale,,,,,,,,,,,,,,,
Dominion City Church,Presidential Road,11,400,,,,POI030741,5,7.502282,6.441428,219,,Religious Body/Place Of Worship,,,,,,,,,,,,,,,,
The Glory Of Christ Bible Church,T Junction Nike Lake Resort Road,0,400,,,,POI030055,2,7.514388,6.500221,196.5,,Religious Body/Place of Worship,,,,,,,,,,,,,,,,
The Lords Chosen Charismatic Revival,46 Pocket Layout Enugu Onitsha Expressway,0,400,,,,POI030682,3,7.493251,6.471488,209.300003,,Religious Body/Place of Worship,,,,,,,,,,,,,,,,
Faith Tabernacle Congregation Nigeria,O'Connor Street,24,400,8067712456,,,POI030779,5,7.500162,6.442738,197,,Religious Body/Place of Worship,,,,,,,,,,,,,,,,
Full Gospel Business Men Fellowship International,Nike Lake Road,0,400,,,,POI030175,4,7.500788,6.485695,239.5,,Religious Body/Place of Worship,,,,,,,,,,,,,,,,
Full Gospel Holy Sabbath Mission,Onu Orie Expressway Amechi,0,400,,,,POI029717,2,7.515483,6.395221,192,,Religious Body/Place of Worship,Wholesale,,,,,,,,,,,,,,,
Height Of Jesus Ministry Intl,Agbani Road,304,400,,,,POI029687,2,7.494337,6.397538,207.899994,,Religious Body/Place of Worship,Wholesale,,,,,,,,,,,,,,,
His Grace Gospel Church Mission,Amaechi Road,0,400,,,,POI029586,2,7.509044,6.391101,216.600006,,Religious Body/Place of Worship,Wholesale,,,,,,,,,,,,,,,
Immaculate Heart Of Mary Parish,Agbani Road,0,400,,,,POI030950,4,7.481121,6.422586,240.399994,,Religious Body/Place of Worship,,,,,,,,,,,,,,,,
Draggon Recreation Centre,Abakaliki Road,0,400,,,,POI002466,5,7.514014,6.462809,214.300003,,Recreational Centre,Manufacturing Retail Wholesale,,,Entertainment Restaurant,,,,,,,,,,,,
Entraco Leisure Park,Gariki Market,0,400,,,,POI031674,2,7.493321,6.38554,233.600006,Others,Recreational Centre,,,,,,,,,,,,,,,,
Love Garden,Abakaliki Road/Okpara Avenue,0,400,,,,POI031582,5,7.500066,6.460919,228.399994,Others,Recreational Centre,,,,,,,,,,,,,,,,
Post Office,Agbani Road,0,400,,,,POI032316,5,7.490618,6.418046,238.300003,Others,Public Facility,,,,,,,,,,,,,,,,
Apga Campaign Office,Chime Avenue,0,400,,,,POI019165,3,7.512939,6.458051,194,,Political Party Office,service,,,Others,,,,,,,,,,,,
Vision Computer Technology,Agbani Road,65,400,,,,POI003279,4,7.479717,6.424172,231.699997,,Others,,,Communication_IT,Communication_IT,,,,,,,,,,,,
Agip Filling Station,Nike Road,0,400,,,,POI002255,5,7.516766,6.480903,208.800003,,Oil And Gas Installations,Manufacturing,,,Professional_Services Petrol_Station,,,,,,,,,,,,
Alcon Energy,Upper Nike Road,0,400,,,,POI011877,4,7.514852,6.493221,197.399994,,Oil And Gas Installations,Retail,,,Petrol_Station,,,,,,,,,,,,
Alushie Oil,Onitsha Expressway,0,400,,,,POI028485,3,7.472738,6.469262,219.100006,,Oil And Gas Installations,service Retail Others,,,Petrol_Station,,,,,,,,,,,,
Ap Filling Station,Agbani Road,0,400,,,,POI002983,5,7.480014,6.426256,228.5,,Oil And Gas Installations,Mineral/Natural Resources,,,Petrol_Station,,,,,,,,,,,,
Capital Oil Depot,Abakaliki Road,0,400,,,,POI010149,2,7.573174,6.457222,167,,Oil And Gas Installations,Retail,,,Others,,,,,,,,,,,,
Cema Oil And Gas Nig Limited,Presidential Road,0,400,,,,POI002167,4,7.510249,6.441345,229.100006,,Oil And Gas Installations,Manufacturing,,,Petrol_Station,,,,,,,,,,,,
Conoil,Ogui Road,249,400,,,,POI002123,5,7.508625,6.456115,212.399994,,Oil And Gas Installations,Manufacturing,,,Petrol_Station,,,,,,,,,,,,
Conoil,Zik Avenue,0,400,,,,POI003889,5,7.487774,6.422928,257.399994,,Oil And Gas Installations,Others,,,Petrol_Station,,,,,,,,,,,,
Content Oil And Gas,Nike Lake Road,0,400,,,,POI013477,3,7.50383,6.478333,214.600006,,Oil And Gas Installations,Retail Wholesale,,,Petrol_Station,,,,,,,,,,,,
Texaco Filling Station,Nike Road,0,400,,,,POI032116,5,7.516765,6.482354,200.300003,Bus-Stop,Oil And Gas Installations,,,,,,,,,,,,,,,,
Ferroid Oil,Abakaliki Road,0,400,,,,POI005598,2,7.540932,6.461268,188.399994,,Oil And Gas Installations,Retail,,,Petrol_Station,,,,,,,,,,,,
Fontana Oil Nigeria LTD,Upper Presidential Road,0,400,,,,POI006381,4,7.520804,6.435635,235.5,,Oil And Gas Installations,Retail,,,Petrol_Station,,,,,,,,,,,,
Geanips Oil,Abakaliki Expressway,0,400,,,,POI005494,2,7.530431,6.461397,222,,Oil And Gas Installations,Retail,,,Petrol_Station,,,,,,,,,,,,
Geno Oil,CBN Qtrs Road,0,400,,,,POI002094,5,7.49968,6.473088,228.399994,,Oil And Gas Installations,Manufacturing,,,Petrol_Station,,,,,,,,,,,,
Genuine Petroleum Limited,Enugu Onitsha Expressway,0,400,"042-556979, 08033232175, 08067870660",,,POI002065,5,7.493341,6.471887,214.100006,,Oil And Gas Installations,Manufacturing,,,Petrol_Station,,,,,,,,,,,,
Hanscharis Oil,Abakaliki Expressway,0,400,,,,POI005709,2,7.529915,6.46149,225.5,,Oil And Gas Installations,Retail,,,Petrol_Station,,,,,,,,,,,,
Mobil Filling Station,Km 2 Expressway Trans Ekulu,0,400,,,,POI002072,4,7.498742,6.472224,203.699997,,Oil And Gas Installations,Manufacturing,,,Petrol_Station,,,,,,,,,,,,
Mobil Filling Station,Airport Road,0,400,,,,POI008688,2,7.559544,6.465997,187.800003,,Oil And Gas Installations,Retail,,,Petrol_Station,,,,,,,,,,,,
Mobil Filling Station,Abakaliki Expressway,0,400,,,,POI005971,2,7.543955,6.460891,193,,Oil And Gas Installations,Retail,,,Petrol_Station,,,,,,,,,,,,
MRS Filling Station,Nike Road,0,400,,,,POI002396,5,7.516768,6.482765,214,,Oil And Gas Installations,Manufacturing Retail,,,Petrol_Station,,,,,,,,,,,,
MRS Filling Station,Abakaliki Road,0,400,,,,POI006105,2,7.545614,6.460867,182.399994,,Oil And Gas Installations,Retail,,,Petrol_Station,,,,,,,,,,,,
MRS Filling Station,Agbani Road,0,400,,,,POI004299,3,7.49574,6.409794,232,,Oil And Gas Installations,Others,,,Petrol_Station,,,,,,,,,,,,
MRS Filling Station,Chime Avenue,0,400,,,,POI003356,5,7.510907,6.457214,196,,Oil And Gas Installations,Others,,,Petrol_Station,,,,,,,,,,,,
MRS Group Oil And Gas Limited,Ogui,185,400,,,,POI002088,5,7.504458,6.453104,194.899994,,Oil And Gas Installations,Manufacturing,,,Petrol_Station,,,,,,,,,,,,
National Petrol Station,Presidential Road,0,400,,,,POI002198,5,7.505223,6.440291,212.100006,,Oil And Gas Installations,Manufacturing,,,Petrol_Station Others,,,,,,,,,,,,
Necico Oil,Onisha/Enugu,0,400,,,,POI002070,5,7.502426,6.473769,190.100006,,Oil And Gas Installations,Manufacturing,,,Petrol_Station,,,,,,,,,,,,
Nipco,Agbani Road,0,400,,,,POI007024,3,7.493821,6.387927,236.300003,,Oil And Gas Installations,Retail,,,Petrol_Station,,,,,,,,,,,,
Nipco Filling Station,Chime Avenue,0,400,,,,POI032243,5,7.511422,6.457769,203.699997,Others,Oil And Gas Installations,,,,,,,,,,,,,,,,
Nipco Oil Station,Upper Chime Avenue,0,400,,,,POI018873,2,7.533165,6.458067,192.300003,,Oil And Gas Installations,service,,,Petrol_Station,,,,,,,,,,,,
NNPC Filling Station,Chime Avenue,0,400,,,,POI018292,2,7.511957,6.457033,203.5,,Oil And Gas Installations,service,,,Petrol_Station,,,,,,,,,,,,
NNPC Filling Station,Garden Avenue,0,400,,,,POI008325,2,7.493618,6.451791,226.699997,,Oil And Gas Installations,Retail,,,Petrol_Station,,,,,,,,,,,,
NNPC Filling Station,Km 2 Enugu/Onitsha Expressway,0,400,,,,POI002062,4,7.505423,6.475204,212.699997,,Oil And Gas Installations,Manufacturing,,,Petrol_Station,,,,,,,,,,,,
NNPC Mega Filling Station,Enugu-Ph Expressway,0,400,,,,POI016907,2,7.540086,6.458777,186.899994,,Oil And Gas Installations,service,,,Petrol_Station,,,,,,,,,,,,
Nowas Oil,Nike Road,0,400,,,,POI010885,4,7.50111,6.482291,232.399994,,Oil And Gas Installations,Retail,,,Beauty_fashion Petrol_Station,,,,,,,,,,,,
Oando Autocare,Zik Avenue,0,400,,,,POI003567,5,7.486412,6.419312,243.899994,,Oil And Gas Installations,Others,,,Petrol_Station,,,,,,,,,,,,
Oando Filling Station,Abakaliki Road,0,400,,,,POI010148,2,7.571061,6.456309,167.5,,Oil And Gas Installations,Retail,,,Petrol_Station,,,,,,,,,,,,
Oando Filling Station,Agbani Road,0,400,,,,POI006982,2,7.494702,6.3963,206.600006,,Oil And Gas Installations,Retail,,,Petrol_Station,,,,,,,,,,,,
Oando Filling Station,Ogui Road,0,400,,,,POI015081,5,7.501315,6.449333,230.300003,,Oil And Gas Installations,Retail Wholesale,,,Petrol_Station,,,,,,,,,,,,
Oando Filling Station,Trans Ekulu,0,400,,,,POI002093,5,7.504634,6.475115,200.899994,,Oil And Gas Installations,Manufacturing,,,Petrol_Station,,,,,,,,,,,,
Ocean Oil And Gas,Amaechi Flyover,0,400,,,,POI006612,2,7.510642,6.391522,210.899994,,Oil And Gas Installations,Retail,,,Petrol_Station,,,,,,,,,,,,
Onado Oleum 2 Filling Station,Abakaliki Road,0,400,,,,POI017280,2,7.537994,6.460974,191.100006,,Oil And Gas Installations,service,,,Petrol_Station,,,,,,,,,,,,
Penoks Filling Station,Penoks Junction,0,400,,,,POI002060,5,7.505839,6.475761,195,,Oil And Gas Installations,Manufacturing,,,Petrol_Station,,,,,,,,,,,,
Real Point Energy Limited,Trans Ekulu Expressway,0,400,,,,POI002143,5,7.497086,6.472309,199.5,,Oil And Gas Installations,Manufacturing,,,Petrol_Station,,,,,,,,,,,,
Texaco Filling Station,Nike Road,0,400,,,,POI016936,3,7.516812,6.482755,208.600006,,Oil And Gas Installations,service,,,Petrol_Station,,,,,,,,,,,,
Tonimas Petrol,Abakaliki Expressway,0,400,,,,POI008985,2,7.548103,6.460362,183.399994,,Oil And Gas Installations,Retail,,,Petrol_Station,,,,,,,,,,,,
Tony Gas Station,Upper Presidential Road,0,400,80037196120,,,POI008316,3,7.52063,6.435781,234.600006,,Oil And Gas Installations,Retail,,,Others,,,,,,,,,,,,
Total Filling Station,Zik Avenue,0,400,,,,POI012310,2,7.494641,6.434623,224.399994,,Oil And Gas Installations,Retail Others,,,Petrol_Station,,,,,,,,,,,,
Total Petrol Station,Presidential Road,0,400,,,,POI002168,4,7.505672,6.440298,207.399994,,Oil And Gas Installations,Manufacturing,,,Petrol_Station Others,,,,,,,,,,,,
Trust Oil Petroleum,Agbani Road,332,400,,,,POI008120,2,7.49442,6.391378,217.800003,,Oil And Gas Installations,Retail,,,Petrol_Station,,,,,,,,,,,,
Emmanuel Foundation International,Agbani Road,118,400,,,,POI001069,5,7.493618,6.416616,229.100006,,NGO,Christianity,,,,https://enugupoi.appspot.com/view/binaryData?blobKey=build_POI-Picture-Form_1374250655%5B%40version%3Dnull+and+%40uiVersion%3Dnull%5D%2Fdata%5B%40key%3Duuid%3Ac0090cfb-a829-43a2-8b80-296d9b71e6c9%5D%2FPOI_Picture1,https://enugupoi.appspot.com/view/binaryData?blobKey=build_POI-Picture-Form_1374250655%5B%40version%3Dnull+and+%40uiVersion%3Dnull%5D%2Fdata%5B%40key%3Duuid%3Ac0090cfb-a829-43a2-8b80-296d9b71e6c9%5D%2FPOI_Picture2,,,,,,,,,,
Society For Women And Aids In Africa,Agbani Road,250,400,,,,POI000618,2,7.494628,6.404181,224.600006,,NGO,Christianity,,,,,,,,,,,,,,,
United Nations Development Programme,Nza Street,6,400,,,,POI000586,2,7.52051,6.449243,235.100006,,NGO,Christianity,,,,,,,,,,,,,,,
Grail Centre,Old Abakaliki Road,0,400,,,,POI029961,5,7.544842,6.464306,191.100006,,NGO,,,,,,,,,,,,,,,,
Society For Family Health,Ezillo Street,11,400,048-488863,,,POI000888,5,7.527388,6.445192,232.800003,,NGO,Christianity,,,,https://enugupoi.appspot.com/view/binaryData?blobKey=build_POI-Picture-Form_1374250655%5B%40version%3Dnull+and+%40uiVersion%3Dnull%5D%2Fdata%5B%40key%3Duuid%3A39f2a521-f71a-4f83-ae9c-d09804e93da1%5D%2FPOI_Picture1,https://enugupoi.appspot.com/view/binaryData?blobKey=build_POI-Picture-Form_1374250655%5B%40version%3Dnull+and+%40uiVersion%3Dnull%5D%2Fdata%5B%40key%3Duuid%3A39f2a521-f71a-4f83-ae9c-d09804e93da1%5D%2FPOI_Picture2,,,,,,,,,,
1st Watch Events,Zik Avenue,147,400,8030907410,1stwatchevents@gmail.com,,POI002543,5,7.488377,6.423362,277.399994,,Market,Manufacturing service,,,Beauty_fashion Professional_Services,,,,,,,,,,,,
Art Shop,Ikegbunam Street,29,400,8064085581,,,POI016647,5,7.511829,6.483162,226.100006,,Market,Retail Wholesale,,,Others,,,,,,,,,,,,
Atitude Arts And Interiors,Chime Avenue,0,400,8037583171,,,POI019547,2,7.518348,6.458529,206.800003,,Market,service,,,Others,,,,,,,,,,,,
Babies Essentials,Ogui Road,108,400,,,,POI008937,5,7.497885,6.444653,224.199997,,Market,Retail,,,Beauty_fashion,,,,,,,,,,,,
Barcelos,Independence Avenue,0,400,,,,POI001336,5,7.511785,6.456579,193.100006,,Market,Christianity,,,,,,,,,,,,,,,
Bathroom Solutions Ltd,Zik Avenue,58,400,8069183224,Bathroomsolutions@ymail.com,www.bathroomsolutions-ng.com,POI002571,5,7.493179,6.427473,236.100006,,Market,Manufacturing service,,,Professional_Services,,,,,,,,,,,,
Bayo Arts,Abakpa Nike Road,42,400,8030868272,,,POI015691,3,7.516783,6.479769,197.100006,,Market,Retail Wholesale,,,Others,,,,,,,,,,,,
Bolzano Red Wine,Nza Street,12,400,8037789490,,,POI005754,2,7.521537,6.44976,225.300003,,Market,Retail,,,Others,,,,,,,,,,,,
Bro-Cee Electronics Plaza,Nike Road,33,400,8033457085,,,POI012430,2,7.516861,6.481572,226.5,,Market,Retail Others,,,Others,,,,,,,,,,,,
Building Rods Deport,Ihioma Street,0,400,,,,POI011503,3,7.505623,6.493679,210.300003,,Market,Retail,,,Others,,,,,,,,,,,,
C N. Ikenga Home Of Curtains And Interior Decoration,Ogui Road,168,400,,,,POI008981,3,7.500608,6.448507,227.800003,,Market,Retail,,,Others,,,,,,,,,,,,
Chivalry International Colimited Furniture/Interior,Nike Resort Road Trans Ekulu,21,400,8037743091,,,POI014059,3,7.50324,6.478838,218.800003,,Market,Retail Wholesale,,,Others,,,,,,,,,,,,
Estate Shopping Centre,Amuri Road,0,400,,,,POI013609,2,7.505805,6.482033,221.300003,,Market,Retail Wholesale,,,Communication_IT Entertainment Health Others,,,,,,,,,,,,
Fine Brothers Shopping Centre,Market Road,0,400,,,,POI002138,5,7.49031,6.435746,235.699997,,Market,Manufacturing,,,Professional_Services Others,,,,,,,,,,,,
First Choice Super Stores,Nike Lake Road,79,400,,,,POI009986,5,7.501555,6.487235,224.300003,,Market,Retail,,,Others,,,,,,,,,,,,
Goshen Plaza,Garden Avenue,0,400,,,,POI032338,5,7.492834,6.450349,223.399994,shopping Mall,Market,,,,,,,,,,,,,,,,
Grossery Store,Nike Lake Road,0,400,,,,POI010959,2,7.50537,6.493567,211.899994,,Market,Retail,,,Others,,,,,,,,,,,,
Honda Power Products,Calabar Street,0,400,,,,POI004395,3,7.480005,6.42607,218.600006,,Market,Others,,,Others,,,,,,,,,,,,
Ifesinachi Plaza Enugu,Market Road,0,400,,,,POI003393,4,7.487626,6.437964,247.800003,,Market,Others,,,Communication_IT Entertainment Beauty_fashion Professional_Services Restaurant Others,,,,,,,,,,,,
Impala Plaza,Ezillo Street,4,400,,,,POI032179,5,7.525511,6.444855,206,shopping Mall,Market,,,,,,,,,,,,,,,,
Anklin Computerized Lundary And Dry Cleaning Services,Amawbia,74,400,"08062928579, 048489894",,,POI005076,5,7.492861,6.417165,226.300003,,Industry,Retail,,,Professional_Services,,,,,,,,,,,,
David's Laundry And Dry-Cleaners,Zik Avenue,23,400,,,,POI004055,5,7.486221,6.421061,242.399994,,Industry,Others,,,Restaurant Others,,,,,,,,,,,,
Easylife Dry Cleaner And Rug Cleaning,Nike Lake Road,0,400,,,,POI013612,2,7.501637,6.487203,235,,Industry,Retail Wholesale,,,Others,,,,,,,,,,,,
Ifeanyi Peter Laundry,Agbani Road,91,400,8063577142,,,POI003259,5,7.487658,6.419359,227.399994,,Industry,Others,,,Others,,,,,,,,,,,,
Admiral Resort,Chaka Cresent,18,400,042   453492,,,POI001234,2,7.532845,6.452725,183.199997,,Hospitality Business,Christianity,,,,,,,,,,,,,,,
African Princess Resort,Abakaliki Road,0,400,,,,POI001197,2,7.531297,6.461166,219.5,,Hospitality Business,Christianity,,,,,,,,,,,,,,,
Airport Valley Resort,Abakaliki Expressway,0,400,,,,POI001191,2,7.584535,6.462759,146.300003,,Hospitality Business,Christianity,,,,,,,,,,,,,,,
Ascot Hotel Resort,Ihiala Avenue,0,400,,,Www.ascotresort.com,POI001146,2,7.533886,6.460828,195.899994,,Hospitality Business,Christianity,,,,,,,,,,,,,,,
Bayview Resorts And Hotel,Ezillo Street,5,400,,,,POI001322,5,7.525881,6.444987,206.5,,Hospitality Business,Christianity,,,,https://enugupoi.appspot.com/view/binaryData?blobKey=build_POI-Picture-Form_1374250655%5B%40version%3Dnull+and+%40uiVersion%3Dnull%5D%2Fdata%5B%40key%3Duuid%3A91e19012-d92a-4036-b5d9-c06e4f2611e1%5D%2FPOI_Picture1,https://enugupoi.appspot.com/view/binaryData?blobKey=build_POI-Picture-Form_1374250655%5B%40version%3Dnull+and+%40uiVersion%3Dnull%5D%2Fdata%5B%40key%3Duuid%3A91e19012-d92a-4036-b5d9-c06e4f2611e1%5D%2FPOI_Picture2,,,,,,,,,,
Chiloville Hotel,Lobito Crescent ,0,400,,,,POI001147,2,7.520396,6.449432,233.100006,,Hospitality Business,Christianity,,,,https://enugupoi.appspot.com/view/binaryData?blobKey=build_POI-Picture-Form_1374250655%5B%40version%3Dnull+and+%40uiVersion%3Dnull%5D%2Fdata%5B%40key%3Duuid%3A4dbb5d0f-ba75-4a6b-898b-c8d50b23a669%5D%2FPOI_Picture1,https://enugupoi.appspot.com/view/binaryData?blobKey=build_POI-Picture-Form_1374250655%5B%40version%3Dnull+and+%40uiVersion%3Dnull%5D%2Fdata%5B%40key%3Duuid%3A4dbb5d0f-ba75-4a6b-898b-c8d50b23a669%5D%2FPOI_Picture2,,,,,,,,,,
Comni Hotel,Ezillo Street,34,400,8038459557,,,POI001345,4,7.532621,6.446806,197.899994,,Hospitality Business,Christianity,,,,https://enugupoi.appspot.com/view/binaryData?blobKey=build_POI-Picture-Form_1374250655%5B%40version%3Dnull+and+%40uiVersion%3Dnull%5D%2Fdata%5B%40key%3Duuid%3A18e7c3c7-a8e2-4fbf-b659-7225e88cda0f%5D%2FPOI_Picture1,https://enugupoi.appspot.com/view/binaryData?blobKey=build_POI-Picture-Form_1374250655%5B%40version%3Dnull+and+%40uiVersion%3Dnull%5D%2Fdata%5B%40key%3Duuid%3A18e7c3c7-a8e2-4fbf-b659-7225e88cda0f%5D%2FPOI_Picture2,,,,,,,,,,
Cossan Art Gallery,Ihiala Avenue,1,400,8106363357,,,POI016476,2,7.534964,6.458036,190.899994,,Hospitality Business,Retail Wholesale,,,Others,,,,,,,,,,,,
Cosy Hotel,Agbani Road,0,400,,,,POI001394,4,7.490654,6.417798,232.300003,,Hospitality Business,Christianity,,,,https://enugupoi.appspot.com/view/binaryData?blobKey=build_POI-Picture-Form_1374250655%5B%40version%3Dnull+and+%40uiVersion%3Dnull%5D%2Fdata%5B%40key%3Duuid%3A477e6589-2978-49c3-b1a6-32aa2218ce51%5D%2FPOI_Picture1,https://enugupoi.appspot.com/view/binaryData?blobKey=build_POI-Picture-Form_1374250655%5B%40version%3Dnull+and+%40uiVersion%3Dnull%5D%2Fdata%5B%40key%3Duuid%3A477e6589-2978-49c3-b1a6-32aa2218ce51%5D%2FPOI_Picture2,,,,,,,,,,
Crown Guest House,Nza Street,42,400,,,,POI005486,2,7.526139,6.451178,201.800003,,Hospitality Business,Retail,,,Others,,,,,,,,,,,,
Danic Hotels,Upper Chime Avenue,3,400,,,,POI001203,2,7.532128,6.461175,213.199997,,Hospitality Business,Christianity,,,,,,,,,,,,,,,
De May Inn,Presidential Road,0,400,,,,POI014286,5,7.502835,6.441143,200.300003,,Hospitality Business,Retail Wholesale,,,Restaurant,,,,,,,,,,,,
Dontell Suites,Aba Street,0,400,,,,POI001272,3,7.503919,6.47839,213.399994,,Hospitality Business,Christianity,,,,https://enugupoi.appspot.com/view/binaryData?blobKey=build_POI-Picture-Form_1374250655%5B%40version%3Dnull+and+%40uiVersion%3Dnull%5D%2Fdata%5B%40key%3Duuid%3A8f58fd8b-14b2-42f2-ae8e-6d6f3e4e0ccf%5D%2FPOI_Picture1,https://enugupoi.appspot.com/view/binaryData?blobKey=build_POI-Picture-Form_1374250655%5B%40version%3Dnull+and+%40uiVersion%3Dnull%5D%2Fdata%5B%40key%3Duuid%3A8f58fd8b-14b2-42f2-ae8e-6d6f3e4e0ccf%5D%2FPOI_Picture2,,,,,,,,,,
Gold Value Hotels Limited,Upper Chime Avenue,93,400,7030422824,gold_realvalue@yahoo.com,,POI001155,5,7.532759,6.45782,194.699997,,Hospitality Business,Christianity,,,,,,,,,,,,,,,
Grand Riviera Suites,Chime Avenue,0,400,,,,POI001365,5,7.530204,6.457873,200.5,,Hospitality Business,Christianity,,,,,,,,,,,,,,,
Hotel Chiloville,Nza Street,0,400,,,,POI001235,2,7.520849,6.44954,233.300003,,Hospitality Business,Christianity,,,,,,,,,,,,,,,
Hotel Codial Limited,Upper Chime Avenue,151,400,,,,POI001371,5,7.527124,6.458182,198,,Hospitality Business,Christianity,,,,,,,,,,,,,,,
Hotel Fidelma,Ezillo Street,65,400,8169320027,,,POI001316,5,7.536405,6.450657,180.699997,,Hospitality Business,Christianity,,,,https://enugupoi.appspot.com/view/binaryData?blobKey=build_POI-Picture-Form_1374250655%5B%40version%3Dnull+and+%40uiVersion%3Dnull%5D%2Fdata%5B%40key%3Duuid%3Ad35d330b-afa6-46fe-bac1-dfe0516f5037%5D%2FPOI_Picture1,https://enugupoi.appspot.com/view/binaryData?blobKey=build_POI-Picture-Form_1374250655%5B%40version%3Dnull+and+%40uiVersion%3Dnull%5D%2Fdata%5B%40key%3Duuid%3Ad35d330b-afa6-46fe-bac1-dfe0516f5037%5D%2FPOI_Picture2,,,,,,,,,,
Hotel Metropole,Ogui Road,0,400,,,,POI001238,4,7.493655,6.438839,221.800003,,Hospitality Business,Christianity,,,,https://enugupoi.appspot.com/view/binaryData?blobKey=build_POI-Picture-Form_1374250655%5B%40version%3Dnull+and+%40uiVersion%3Dnull%5D%2Fdata%5B%40key%3Duuid%3A54c2393c-b504-4296-a220-cb8c65b1b329%5D%2FPOI_Picture1,https://enugupoi.appspot.com/view/binaryData?blobKey=build_POI-Picture-Form_1374250655%5B%40version%3Dnull+and+%40uiVersion%3Dnull%5D%2Fdata%5B%40key%3Duuid%3A54c2393c-b504-4296-a220-cb8c65b1b329%5D%2FPOI_Picture2,,,,,,,,,,
Hotel Monte-Carlo,Ezillo Street,35,400,,,,POI001323,5,7.533061,6.44719,199.800003,,Hospitality Business,Christianity,,,,https://enugupoi.appspot.com/view/binaryData?blobKey=build_POI-Picture-Form_1374250655%5B%40version%3Dnull+and+%40uiVersion%3Dnull%5D%2Fdata%5B%40key%3Duuid%3A25869ee4-9e7c-4fbc-a1a9-46df54d1a83e%5D%2FPOI_Picture1,https://enugupoi.appspot.com/view/binaryData?blobKey=build_POI-Picture-Form_1374250655%5B%40version%3Dnull+and+%40uiVersion%3Dnull%5D%2Fdata%5B%40key%3Duuid%3A25869ee4-9e7c-4fbc-a1a9-46df54d1a83e%5D%2FPOI_Picture2,,,,,,,,,,
Hotel Presidential,Presidential Road,0,400,,,,POI001308,5,7.512495,6.440918,232.199997,,Hospitality Business,Christianity,,,,,,,,,,,,,,,
Lake Town Guest House,Nike Lake Road,0,400,,,,POI001271,2,7.516302,6.512168,214.600006,,Hospitality Business,Christianity,,,,,,,,,,,,,,,
Lavida Suites,Nza Street,3,400,,,,POI001148,2,7.521868,6.449999,219.899994,,Hospitality Business,Christianity,,,,https://enugupoi.appspot.com/view/binaryData?blobKey=build_POI-Picture-Form_1374250655%5B%40version%3Dnull+and+%40uiVersion%3Dnull%5D%2Fdata%5B%40key%3Duuid%3Aa2cc79bc-ba44-46b6-b20c-8a38cddf4b3f%5D%2FPOI_Picture1,https://enugupoi.appspot.com/view/binaryData?blobKey=build_POI-Picture-Form_1374250655%5B%40version%3Dnull+and+%40uiVersion%3Dnull%5D%2Fdata%5B%40key%3Duuid%3Aa2cc79bc-ba44-46b6-b20c-8a38cddf4b3f%5D%2FPOI_Picture2,,,,,,,,,,
Life Cycle Motel,Upper Chime Avenue,199,400,,,,POI001154,2,7.533822,6.458043,191,,Hospitality Business,Christianity,,,,,,,,,,,,,,,
Mankind Resort,Ugwuaji Fly Over,0,400,,,,POI001158,2,7.530969,6.416104,196.199997,,Hospitality Business,Christianity,,,,,,,,,,,,,,,
Mavis Hotel,CBN Road,2,400,7068086544,,,POI001301,5,7.499449,6.473556,233.5,,Hospitality Business,Christianity,,,,https://enugupoi.appspot.com/view/binaryData?blobKey=build_POI-Picture-Form_1374250655%5B%40version%3Dnull+and+%40uiVersion%3Dnull%5D%2Fdata%5B%40key%3Duuid%3Ab279c59d-6e5d-4cf6-a1c7-3b4eb8d5d283%5D%2FPOI_Picture1,https://enugupoi.appspot.com/view/binaryData?blobKey=build_POI-Picture-Form_1374250655%5B%40version%3Dnull+and+%40uiVersion%3Dnull%5D%2Fdata%5B%40key%3Duuid%3Ab279c59d-6e5d-4cf6-a1c7-3b4eb8d5d283%5D%2FPOI_Picture2,,,,,,,,,,
Quixotel Luxury Rooms And Suites,Ogui Road,81,400,,,,POI001254,3,7.498588,6.445989,233.899994,,Hospitality Business,Christianity,,,,,,,,,,,,,,,
Rivonia Hotel,Nwakanwa Street,0,400,,,,POI001221,2,7.524886,6.431548,240.100006,,Hospitality Business,Christianity,,,,,,,,,,,,,,,
Sahara Restaurant,Ezillo Street,0,400,,,,POI001358,4,7.525276,6.444779,226.399994,,Hospitality Business,Christianity,,,,,,,,,,,,,,,
Skyvilla,Nike Lake Road,0,400,"08163292991, 07054670000",,,POI001273,2,7.504346,6.491788,218.199997,,Hospitality Business,Christianity,,,,,,,,,,,,,,,
Stephanie's Court Hotel,Chime Avenue,122,400,7036777321,,,POI001401,5,7.527725,6.457995,191.100006,,Hospitality Business,Christianity,,,,,,,,,,,,,,,
Swissvilla Hotel And Spa,Ezillo Street,0,400,8035725390,swissvillahotels&sp@yahoo.com,,POI001315,5,7.529016,6.445411,228,,Hospitality Business,Christianity,,,,,,,,,,,,,,,
Toscana Hotel,Aguleri Street,1,400,7038705101,,,POI001133,2,7.524243,6.442746,221,,Hospitality Business,Christianity,,,,,,,,,,,,,,,
Victoria Suites,Nike Lake Road,0,400,,,,POI001278,3,7.500674,6.485508,245.899994,,Hospitality Business,Christianity,,,,,,,,,,,,,,,
Voyage Bay Guest House,Ezefi Road,1,400,8030984741,,,POI001157,2,7.52932,6.413652,185.600006,,Hospitality Business,Christianity,,,,https://enugupoi.appspot.com/view/binaryData?blobKey=build_POI-Picture-Form_1374250655%5B%40version%3Dnull+and+%40uiVersion%3Dnull%5D%2Fdata%5B%40key%3Duuid%3Afc90c7dd-8b19-4584-9ddb-5d014eaf63f4%5D%2FPOI_Picture1,https://enugupoi.appspot.com/view/binaryData?blobKey=build_POI-Picture-Form_1374250655%5B%40version%3Dnull+and+%40uiVersion%3Dnull%5D%2Fdata%5B%40key%3Duuid%3Afc90c7dd-8b19-4584-9ddb-5d014eaf63f4%5D%2FPOI_Picture2,,,,,,,,,,
Zanzibar,Independence Avenue,1,400,,,,POI001134,2,7.524759,6.442757,219.399994,,Hospitality Business,Christianity,,,,https://enugupoi.appspot.com/view/binaryData?blobKey=build_POI-Picture-Form_1374250655%5B%40version%3Dnull+and+%40uiVersion%3Dnull%5D%2Fdata%5B%40key%3Duuid%3A8bfe3203-93e8-4be7-a1ee-dafbcf1c43e4%5D%2FPOI_Picture1,https://enugupoi.appspot.com/view/binaryData?blobKey=build_POI-Picture-Form_1374250655%5B%40version%3Dnull+and+%40uiVersion%3Dnull%5D%2Fdata%5B%40key%3Duuid%3A8bfe3203-93e8-4be7-a1ee-dafbcf1c43e4%5D%2FPOI_Picture2,,,,,,,,,,
Bonak Art Gallery,Chime Avenue,0,400,,,,POI016790,2,7.52063,6.458462,207.399994,,Historical Monument/Artifacts,service,,,Others,,,,,,,,,,,,
Equalright Art Gallery,Nike Road Abakpa,140,400,8035822972,,,POI011628,2,7.51516,6.488894,210.800003,,Historical Monument/Artifacts,Retail,,,Others,,,,,,,,,,,,
Animal Fit Konsult Veterinary Service,Nike Lake Road,2,400,8176719222,,,POI011027,2,7.50164,6.48126,226.899994,,Health Facility,Retail,,,Others,,,,,,,,,,,,
Aso Laboratories,Agbani Road,106,400,,,,POI004106,5,7.492581,6.417045,245.5,,Health Facility,Others,,,Health,,,,,,,,,,,,
Berean Radiological Centre,Amuri Road,47,400,7023001619,,,POI011323,3,7.509622,6.482051,220.600006,,Health Facility,Retail,,,Health,,,,,,,,,,,,
Cynsoki Medical Laboratories,Amuri Road,0,400,,,,POI014909,5,7.50938,6.482053,234.5,,Health Facility,Retail Wholesale,,,Health,,,,,,,,,,,,
Dentslyn Dental Clinic,Umuawulu Street,0,400,,,,POI007585,2,7.522093,6.434331,233.699997,,Health Facility,Retail,,,Health,,,,,,,,,,,,
Dona Pharmacy,Abakaliki Road,0,400,8098259609,,,POI002226,5,7.524821,6.464142,209.600006,,Health Facility,Manufacturing,,,Health,,,,,,,,,,,,
Ekochin Industrial Hospital,Old Abakiliki Road,0,400,,,,POI001654,2,7.544836,6.464061,198.899994,,Health Facility,Christianity,,,,,,,,,,,,,,,
Enugu State Medical Diagnostic Centre,Okpara Avenue,0,400,,,,POI001684,2,7.495014,6.455627,225,,Health Facility,Christianity,,,,https://enugupoi.appspot.com/view/binaryData?blobKey=build_POI-Picture-Form_1374250655%5B%40version%3Dnull+and+%40uiVersion%3Dnull%5D%2Fdata%5B%40key%3Duuid%3Ab3cbf237-b2e2-4032-aaf9-ccb12df98f08%5D%2FPOI_Picture1,https://enugupoi.appspot.com/view/binaryData?blobKey=build_POI-Picture-Form_1374250655%5B%40version%3Dnull+and+%40uiVersion%3Dnull%5D%2Fdata%5B%40key%3Duuid%3Ab3cbf237-b2e2-4032-aaf9-ccb12df98f08%5D%2FPOI_Picture2,,,,,,,,,,
Enugu State Medical Emergency Response Team,Ogui Road,0,400,8050252525,,,POI032241,5,7.509766,6.459012,205.199997,Others,Health Facility,,,,,,,,,,,,,,,,
First Dental Consultants Dental Centre,Ogui Road,184,400,,,,POI001989,5,7.50105,6.4492,217.199997,,Health Facility,Federal Government Parastatal,,,,https://enugupoi.appspot.com/view/binaryData?blobKey=build_POI-Picture-Form_1374250655%5B%40version%3Dnull+and+%40uiVersion%3Dnull%5D%2Fdata%5B%40key%3Duuid%3A0c1205b3-25c1-41e3-b04d-1f25c331cdfa%5D%2FPOI_Picture1,https://enugupoi.appspot.com/view/binaryData?blobKey=build_POI-Picture-Form_1374250655%5B%40version%3Dnull+and+%40uiVersion%3Dnull%5D%2Fdata%5B%40key%3Duuid%3A0c1205b3-25c1-41e3-b04d-1f25c331cdfa%5D%2FPOI_Picture2,,,,,,,,,,
Grace Foundation Clinic,Old Airport Road,0,400,,,,POI001639,2,7.529785,6.465933,216.399994,,Health Facility,Christianity,,,,,,,,,,,,,,,
Hiltops Clinics,Aguowa,2,400,,,,POI001907,5,7.500836,6.473831,221.899994,,Health Facility,Federal Government Parastatal,,,,https://enugupoi.appspot.com/view/binaryData?blobKey=build_POI-Picture-Form_1374250655%5B%40version%3Dnull+and+%40uiVersion%3Dnull%5D%2Fdata%5B%40key%3Duuid%3Aca95fff7-5ccb-4cf4-9a90-1ae169755834%5D%2FPOI_Picture1,https://enugupoi.appspot.com/view/binaryData?blobKey=build_POI-Picture-Form_1374250655%5B%40version%3Dnull+and+%40uiVersion%3Dnull%5D%2Fdata%5B%40key%3Duuid%3Aca95fff7-5ccb-4cf4-9a90-1ae169755834%5D%2FPOI_Picture2,,,,,,,,,,
Lorence Specialist Hospital,Zik Avenue,37,400,,,,POI002006,5,7.493938,6.432391,266.700012,,Health Facility,Islam,,,,,,,,,,,,,,,
Moonlight Clinic And Maternity,Agbani Road,61,400,,,,POI002036,5,7.479638,6.424445,245.600006,,Health Facility,Manufacturing,,,,https://enugupoi.appspot.com/view/binaryData?blobKey=build_POI-Picture-Form_1374250655%5B%40version%3Dnull+and+%40uiVersion%3Dnull%5D%2Fdata%5B%40key%3Duuid%3Aaf26cc1f-3d56-4320-a6e6-694547dbc82f%5D%2FPOI_Picture1,https://enugupoi.appspot.com/view/binaryData?blobKey=build_POI-Picture-Form_1374250655%5B%40version%3Dnull+and+%40uiVersion%3Dnull%5D%2Fdata%5B%40key%3Duuid%3Aaf26cc1f-3d56-4320-a6e6-694547dbc82f%5D%2FPOI_Picture2,,,,,,,,,,
Mount Carmel Specialist Hospital,Chime Avenue,119,400,,,,POI001857,2,7.521686,6.458389,210.399994,,Health Facility,Federal Government Ministry,,,,,,,,,,,,,,,
National Orthopedic Hospital Enugu,Abakaliki Road,0,400,,,,POI001960,5,7.523281,6.464781,213.699997,,Health Facility,Federal Government Parastatal,,,,https://enugupoi.appspot.com/view/binaryData?blobKey=build_POI-Picture-Form_1374250655%5B%40version%3Dnull+and+%40uiVersion%3Dnull%5D%2Fdata%5B%40key%3Duuid%3A679cfb3c-a018-4dfb-b330-8ee1b76a66ef%5D%2FPOI_Picture1,https://enugupoi.appspot.com/view/binaryData?blobKey=build_POI-Picture-Form_1374250655%5B%40version%3Dnull+and+%40uiVersion%3Dnull%5D%2Fdata%5B%40key%3Duuid%3A679cfb3c-a018-4dfb-b330-8ee1b76a66ef%5D%2FPOI_Picture2,,,,,,,,,,
Neo Hospital,Nza Street,27,400,8167146457,,,POI001637,2,7.523976,6.451085,200.899994,,Health Facility,Christianity,,,,https://enugupoi.appspot.com/view/binaryData?blobKey=build_POI-Picture-Form_1374250655%5B%40version%3Dnull+and+%40uiVersion%3Dnull%5D%2Fdata%5B%40key%3Duuid%3A1705280f-0cd2-4bb7-931d-55ffdf1f59a0%5D%2FPOI_Picture1,https://enugupoi.appspot.com/view/binaryData?blobKey=build_POI-Picture-Form_1374250655%5B%40version%3Dnull+and+%40uiVersion%3Dnull%5D%2Fdata%5B%40key%3Duuid%3A1705280f-0cd2-4bb7-931d-55ffdf1f59a0%5D%2FPOI_Picture2,,,,,,,,,,
Neo Hospital And Dialysis Center,Nza Street,27,400,8167146457,,,POI001914,5,7.524486,6.451158,201.199997,,Health Facility,Federal Government Parastatal,,,,,,,,,,,,,,,
Neo Hospital And Dialysis Centre,Nza Street,27,400,8167146457,,,POI001676,2,7.524101,6.45115,201.800003,,Health Facility,Christianity,,,,,,,,,,,,,,,
Neo Hospital Anddialysis Centre,Nza Street,27,400,8167146457,,,POI001676,2,7.524101,6.45115,201.800003,,Health Facility,Christianity,,,,,,,,,,,,,,,
Niger Optical Service Co Nig Ltd,Zik Avenue,39,400,,,,POI002027,5,7.493716,6.432162,296.799988,,Health Facility,Manufacturing,,,,,,,,,,,,,,,
Niger Optical Services Co Nig Ltd (Eye Clinic),Zik Avenue,39,400,,,,POI001815,2,7.493845,6.431958,235.800003,,Health Facility,Federal Government Ministry,,,,https://enugupoi.appspot.com/view/binaryData?blobKey=build_POI-Picture-Form_1374250655%5B%40version%3Dnull+and+%40uiVersion%3Dnull%5D%2Fdata%5B%40key%3Duuid%3Ac0441149-bb00-454b-807d-29bc7790dfbf%5D%2FPOI_Picture1,https://enugupoi.appspot.com/view/binaryData?blobKey=build_POI-Picture-Form_1374250655%5B%40version%3Dnull+and+%40uiVersion%3Dnull%5D%2Fdata%5B%40key%3Duuid%3Ac0441149-bb00-454b-807d-29bc7790dfbf%5D%2FPOI_Picture2,,,,,,,,,,
Peenok  Medical Centre,Zik Avenue,0,400,,,,POI001816,2,7.494457,6.434825,224.699997,,Health Facility,Federal Government Ministry,,,,https://enugupoi.appspot.com/view/binaryData?blobKey=build_POI-Picture-Form_1374250655%5B%40version%3Dnull+and+%40uiVersion%3Dnull%5D%2Fdata%5B%40key%3Duuid%3Afa62ab13-52bb-4d55-b750-0868dcdfe7f6%5D%2FPOI_Picture1,https://enugupoi.appspot.com/view/binaryData?blobKey=build_POI-Picture-Form_1374250655%5B%40version%3Dnull+and+%40uiVersion%3Dnull%5D%2Fdata%5B%40key%3Duuid%3Afa62ab13-52bb-4d55-b750-0868dcdfe7f6%5D%2FPOI_Picture2,,,,,,,,,,
Polytes Medical Laboratories,Coal Camp / Agbani Road,71,400,,,,POI001974,5,7.480224,6.42336,258.799988,,Health Facility,Federal Government Parastatal,,,,https://enugupoi.appspot.com/view/binaryData?blobKey=build_POI-Picture-Form_1374250655%5B%40version%3Dnull+and+%40uiVersion%3Dnull%5D%2Fdata%5B%40key%3Duuid%3Ad16f8fcf-b790-4bea-a84f-f0a82c85e3df%5D%2FPOI_Picture1,https://enugupoi.appspot.com/view/binaryData?blobKey=build_POI-Picture-Form_1374250655%5B%40version%3Dnull+and+%40uiVersion%3Dnull%5D%2Fdata%5B%40key%3Duuid%3Ad16f8fcf-b790-4bea-a84f-f0a82c85e3df%5D%2FPOI_Picture2,,,,,,,,,,
Posh Hospital,Chime Avenue,0,400,,,,POI001840,2,7.523873,6.458044,210.300003,,Health Facility,Federal Government Ministry,,,,,,,,,,,,,,,
Primecare Hospital,Amuri Road,108,400,,,,POI001781,2,7.502038,6.482139,232.899994,,Health Facility,Christianity,,,,https://enugupoi.appspot.com/view/binaryData?blobKey=build_POI-Picture-Form_1374250655%5B%40version%3Dnull+and+%40uiVersion%3Dnull%5D%2Fdata%5B%40key%3Duuid%3A0fc25056-9229-4342-a7da-39abfba177f7%5D%2FPOI_Picture1,https://enugupoi.appspot.com/view/binaryData?blobKey=build_POI-Picture-Form_1374250655%5B%40version%3Dnull+and+%40uiVersion%3Dnull%5D%2Fdata%5B%40key%3Duuid%3A0fc25056-9229-4342-a7da-39abfba177f7%5D%2FPOI_Picture2,,,,,,,,,,
"Reggie Ear, Nose, Throat Clinic",Agbani Road,100,400,,,,POI002004,5,7.49168,6.417259,240.600006,,Health Facility,Islam,,,,,,,,,,,,,,,
St Leoâ·S Hospital,Nike Lake Road Transekulu,57,400,8054227816,,,POI001782,5,7.500363,6.483722,242.899994,,Health Facility,Christianity,,,,,,,,,,,,,,,
State Health Board Asata Sub-District Hospital,Ilukwe Street,0,400,,,,POI001919,5,7.500521,6.442684,203.899994,,Health Facility,Federal Government Parastatal,,,,,,,,,,,,,,,
The True Vine Clinic,Agbani Road,184,400,,,,POI002018,4,7.495567,6.410713,225.899994,,Health Facility,Manufacturing,,,,,,,,,,,,,,,
Ubabike Hospital,Agbani Road,238,400,,,,POI001665,2,7.494786,6.404948,222.399994,,Health Facility,Christianity,,,,,,,,,,,,,,,
Victoria Hospital And Maternity Home,Zik Avenue,154,400,8023222082,,,POI002021,5,7.487142,6.422346,242.300003,,Health Facility,Manufacturing,,,,,,,,,,,,,,,
Favor Medical Clinic,Agbani Road,347,400,8083392394,,,POI006087,2,7.493591,6.385341,233.899994,,Health Facility,Retail,,,Health,,,,,,,,,,,,
FRSC Medical Examination Center For Commercial Driver Medical Test For Issuance Of Commercial Driver License,Nike Lake Road,49,400,,,,POI000788,5,7.516774,6.48299,212.699997,,Health Facility,Christianity,,,,,,,,,,,,,,,
Harmatta Medicals,Zik Avenue,159,400,,,,POI004084,5,7.48784,6.422882,248.5,,Health Facility,Others,,,Health,,,,,,,,,,,,
Healthy Living Pharmacy And Stores,Nike Lake Road,79,400,,,,POI009980,5,7.501388,6.487012,216.899994,,Health Facility,Retail,,,Health,,,,,,,,,,,,
Well Gate Pharmacy,Nike Lake Road,0,400,"08184813678, 07035206099",,,POI011709,2,7.504516,6.492116,211.199997,,Health Facility,Retail,,,Health,,,,,,,,,,,,
Board Of Internal Revenue (Motor Licensing Office),Presidential Road,0,400,,,,POI014632,2,7.506764,6.440809,209.100006,,Government Parastatals,Retail Wholesale,,,Trade_Union_Professional_Body,,,,,,,,,,,,
Community Resource  Centre,Upper Presidential Road,0,400,42300554,,www.crcnigeria.org,POI000638,2,7.519354,6.436841,235.100006,,Government Parastatals,Christianity,,,,https://enugupoi.appspot.com/view/binaryData?blobKey=build_POI-Picture-Form_1374250655%5B%40version%3Dnull+and+%40uiVersion%3Dnull%5D%2Fdata%5B%40key%3Duuid%3A232fc35f-ab45-416d-a666-37345e9c5d6d%5D%2FPOI_Picture1,https://enugupoi.appspot.com/view/binaryData?blobKey=build_POI-Picture-Form_1374250655%5B%40version%3Dnull+and+%40uiVersion%3Dnull%5D%2Fdata%5B%40key%3Duuid%3A232fc35f-ab45-416d-a666-37345e9c5d6d%5D%2FPOI_Picture2,,,,,,,,,,
Constituency Office Enugu East Urban,Amuri Road,0,400,,,,POI000732,3,7.504173,6.481978,235.100006,,Government Parastatals,Christianity,,,,https://enugupoi.appspot.com/view/binaryData?blobKey=build_POI-Picture-Form_1374250655%5B%40version%3Dnull+and+%40uiVersion%3Dnull%5D%2Fdata%5B%40key%3Duuid%3Ad4223e13-1053-4596-bbcb-4119efe9c7c6%5D%2FPOI_Picture1,https://enugupoi.appspot.com/view/binaryData?blobKey=build_POI-Picture-Form_1374250655%5B%40version%3Dnull+and+%40uiVersion%3Dnull%5D%2Fdata%5B%40key%3Duuid%3Ad4223e13-1053-4596-bbcb-4119efe9c7c6%5D%2FPOI_Picture2,,,,,,,,,,
Economic And Social Empowerment Of Rural Communities,Nza Street,15,400,,,,POI000587,2,7.522306,6.450198,218.100006,,Government Parastatals,Christianity,,,,,,,,,,,,,,,
Enugu North Local Government Headquaters,Okpara Avenue,0,400,,,,POI001012,5,7.486164,6.438371,263.200012,,Government Parastatals,Christianity,,,,https://enugupoi.appspot.com/view/binaryData?blobKey=build_POI-Picture-Form_1374250655%5B%40version%3Dnull+and+%40uiVersion%3Dnull%5D%2Fdata%5B%40key%3Duuid%3A59b2a5f3-1dbd-4806-8261-f617c91b3d1f%5D%2FPOI_Picture1,https://enugupoi.appspot.com/view/binaryData?blobKey=build_POI-Picture-Form_1374250655%5B%40version%3Dnull+and+%40uiVersion%3Dnull%5D%2Fdata%5B%40key%3Duuid%3A59b2a5f3-1dbd-4806-8261-f617c91b3d1f%5D%2FPOI_Picture2,,,,,,,,,,
Enugu State Fire Service,Ogii Road,0,400,7065409291,,,POI000983,5,7.509684,6.458365,224.399994,,Government Parastatals,Christianity,,,,,,,,,,,,,,,
Enugu State Universal  Education Board,Fsp Avenue Upper Presidential Rd Ind.Layout,0,400,42451355,,,POI000641,2,7.519825,6.436195,253.399994,,Government Parastatals,Christianity,,,,https://enugupoi.appspot.com/view/binaryData?blobKey=build_POI-Picture-Form_1374250655%5B%40version%3Dnull+and+%40uiVersion%3Dnull%5D%2Fdata%5B%40key%3Duuid%3Ae0179f46-9519-446b-b868-4d9df34e9033%5D%2FPOI_Picture1,https://enugupoi.appspot.com/view/binaryData?blobKey=build_POI-Picture-Form_1374250655%5B%40version%3Dnull+and+%40uiVersion%3Dnull%5D%2Fdata%5B%40key%3Duuid%3Ae0179f46-9519-446b-b868-4d9df34e9033%5D%2FPOI_Picture2,,,,,,,,,,
Federal Ministry Of Agriculture And Rural Development (South East Office),Presidential Road,0,400,,,,POI000668,2,7.518904,6.437305,243.600006,,Government Parastatals,Christianity,,,,https://enugupoi.appspot.com/view/binaryData?blobKey=build_POI-Picture-Form_1374250655%5B%40version%3Dnull+and+%40uiVersion%3Dnull%5D%2Fdata%5B%40key%3Duuid%3A50aa0f76-5cb5-42df-ab75-1450edeeedce%5D%2FPOI_Picture1,https://enugupoi.appspot.com/view/binaryData?blobKey=build_POI-Picture-Form_1374250655%5B%40version%3Dnull+and+%40uiVersion%3Dnull%5D%2Fdata%5B%40key%3Duuid%3A50aa0f76-5cb5-42df-ab75-1450edeeedce%5D%2FPOI_Picture2,,,,,,,,,,
House Of Assembly,Presidential Road,0,400,,,,POI000654,2,7.517722,6.438328,242.100006,,Government Parastatals,Christianity,,,,https://enugupoi.appspot.com/view/binaryData?blobKey=build_POI-Picture-Form_1374250655%5B%40version%3Dnull+and+%40uiVersion%3Dnull%5D%2Fdata%5B%40key%3Duuid%3Afe760a44-96b1-4d92-bb5d-68fe0adfc0d7%5D%2FPOI_Picture1,https://enugupoi.appspot.com/view/binaryData?blobKey=build_POI-Picture-Form_1374250655%5B%40version%3Dnull+and+%40uiVersion%3Dnull%5D%2Fdata%5B%40key%3Duuid%3Afe760a44-96b1-4d92-bb5d-68fe0adfc0d7%5D%2FPOI_Picture2,,,,,,,,,,
National Insuarance Commission,Ibusa Avenue,15,400,,,,POI000581,2,7.537349,6.448473,193.300003,,Government Parastatals,Christianity,,,,,,,,,,,,,,,
Nigeria Custom Head Quarters Enugu,Presidential Road,0,400,,,,POI000755,5,7.508493,6.441189,232.899994,,Government Parastatals,Christianity,,,,,,,,,,,,,,,
Nigeria Export Promotion Council,Presidential Road,0,400,,,,POI000667,2,7.521196,6.434965,234.199997,,Government Parastatals,Christianity,,,,https://enugupoi.appspot.com/view/binaryData?blobKey=build_POI-Picture-Form_1374250655%5B%40version%3Dnull+and+%40uiVersion%3Dnull%5D%2Fdata%5B%40key%3Duuid%3Acdca70f1-bb24-42ce-b8e3-5b19c1aed629%5D%2FPOI_Picture1,https://enugupoi.appspot.com/view/binaryData?blobKey=build_POI-Picture-Form_1374250655%5B%40version%3Dnull+and+%40uiVersion%3Dnull%5D%2Fdata%5B%40key%3Duuid%3Acdca70f1-bb24-42ce-b8e3-5b19c1aed629%5D%2FPOI_Picture2,,,,,,,,,,
Nigeria Immigration Service,Abakaliki Expressway,0,400,,,,POI000714,2,7.581124,6.461256,152.800003,,Government Parastatals,Christianity,,,,,,,,,,,,,,,
Office Of The Special Adviser To The Governor,Nza Street,6,400,,,,POI000669,2,7.520499,6.449277,235.699997,,Government Parastatals,Christianity,,,,https://enugupoi.appspot.com/view/binaryData?blobKey=build_POI-Picture-Form_1374250655%5B%40version%3Dnull+and+%40uiVersion%3Dnull%5D%2Fdata%5B%40key%3Duuid%3Acf19a491-515d-4435-9320-ed3ff8fd39fd%5D%2FPOI_Picture1,https://enugupoi.appspot.com/view/binaryData?blobKey=build_POI-Picture-Form_1374250655%5B%40version%3Dnull+and+%40uiVersion%3Dnull%5D%2Fdata%5B%40key%3Duuid%3Acf19a491-515d-4435-9320-ed3ff8fd39fd%5D%2FPOI_Picture2,,,,,,,,,,
State Central Library,Market Road,0,400,,,,POI032370,5,7.491136,6.435753,209.899994,Others,Government Parastatals,,,,,,,,,,,,,,,,
State UNDP Desk Office,Nza Street,6,400,,undpenugu@yahoo.com,,POI000670,2,7.520472,6.449256,240,,Government Parastatals,Christianity,,,,https://enugupoi.appspot.com/view/binaryData?blobKey=build_POI-Picture-Form_1374250655%5B%40version%3Dnull+and+%40uiVersion%3Dnull%5D%2Fdata%5B%40key%3Duuid%3Ab7d17d55-4a8a-4423-bbb9-ecb773e82331%5D%2FPOI_Picture1,https://enugupoi.appspot.com/view/binaryData?blobKey=build_POI-Picture-Form_1374250655%5B%40version%3Dnull+and+%40uiVersion%3Dnull%5D%2Fdata%5B%40key%3Duuid%3Ab7d17d55-4a8a-4423-bbb9-ecb773e82331%5D%2FPOI_Picture2,,,,,,,,,,
Ujodo Development Center Enugu East Lga,Abakaliki Expressway,0,400,,,,POI000691,3,7.584057,6.462633,152.300003,,Government Parastatals,Christianity,,,,,,,,,,,,,,,
Ujodo Town Planning Authority,Abakaliki Expressway,0,400,,,,POI031581,2,7.58382,6.462626,148.199997,Others,Government Parastatals,,,,,,,,,,,,,,,,
Government Of Enugu State Office Of Auditor General,Garden Avenue,2,400,042-258864,,,POI001049,5,7.491178,6.44584,235.5,,Government Parastatals,Christianity,,,,https://enugupoi.appspot.com/view/binaryData?blobKey=build_POI-Picture-Form_1374250655%5B%40version%3Dnull+and+%40uiVersion%3Dnull%5D%2Fdata%5B%40key%3Duuid%3A6829acf8-3990-4d6b-82a4-c34be9cc64db%5D%2FPOI_Picture1,https://enugupoi.appspot.com/view/binaryData?blobKey=build_POI-Picture-Form_1374250655%5B%40version%3Dnull+and+%40uiVersion%3Dnull%5D%2Fdata%5B%40key%3Duuid%3A6829acf8-3990-4d6b-82a4-c34be9cc64db%5D%2FPOI_Picture2,,,,,,,,,,
Independent Corrupt Practice And Other Related Offences Commission,Ezillo Street,55,400,,,,POI000931,4,7.534779,6.449477,189.5,,Government Parastatals,Christianity,,,,https://enugupoi.appspot.com/view/binaryData?blobKey=build_POI-Picture-Form_1374250655%5B%40version%3Dnull+and+%40uiVersion%3Dnull%5D%2Fdata%5B%40key%3Duuid%3Acabc4bcb-6471-46dd-85fd-84a007fd3256%5D%2FPOI_Picture1,https://enugupoi.appspot.com/view/binaryData?blobKey=build_POI-Picture-Form_1374250655%5B%40version%3Dnull+and+%40uiVersion%3Dnull%5D%2Fdata%5B%40key%3Duuid%3Acabc4bcb-6471-46dd-85fd-84a007fd3256%5D%2FPOI_Picture2,,,,,,,,,,
Access Bank,Agbani Road,182,400,,,,POI001514,4,7.49574,6.411307,234.899994,,Financial Institution,Christianity,2,Agbani road,,,,,,,,,,,,,
Access Bank,Okpara Avenue,0,400,,,,POI001567,4,7.494248,6.453484,221.399994,,Financial Institution,Christianity,4,okpara ave,,https://enugupoi.appspot.com/view/binaryData?blobKey=build_POI-Picture-Form_1374250655%5B%40version%3Dnull+and+%40uiVersion%3Dnull%5D%2Fdata%5B%40key%3Duuid%3Ab3fc3a31-dc22-43b0-8712-f1ae5ad461a2%5D%2FPOI_Picture1,https://enugupoi.appspot.com/view/binaryData?blobKey=build_POI-Picture-Form_1374250655%5B%40version%3Dnull+and+%40uiVersion%3Dnull%5D%2Fdata%5B%40key%3Duuid%3Ab3fc3a31-dc22-43b0-8712-f1ae5ad461a2%5D%2FPOI_Picture2,,,,,,,,,,
Bank Of Agriculture,Presidential Road,0,400,,,,POI001564,2,7.521083,6.435079,233.699997,,Financial Institution,Christianity,0,Presitential Road,,https://enugupoi.appspot.com/view/binaryData?blobKey=build_POI-Picture-Form_1374250655%5B%40version%3Dnull+and+%40uiVersion%3Dnull%5D%2Fdata%5B%40key%3Duuid%3Ac62fa94f-e9b7-4d81-8f9f-258b9ce03b40%5D%2FPOI_Picture1,https://enugupoi.appspot.com/view/binaryData?blobKey=build_POI-Picture-Form_1374250655%5B%40version%3Dnull+and+%40uiVersion%3Dnull%5D%2Fdata%5B%40key%3Duuid%3Ac62fa94f-e9b7-4d81-8f9f-258b9ce03b40%5D%2FPOI_Picture2,,,,,,,,,,
Central Bank Of Nigeria,Garden Avenue,0,400,,,,POI001473,5,7.491518,6.447598,226.300003,,Financial Institution,Christianity,0,Enugu,,https://enugupoi.appspot.com/view/binaryData?blobKey=build_POI-Picture-Form_1374250655%5B%40version%3Dnull+and+%40uiVersion%3Dnull%5D%2Fdata%5B%40key%3Duuid%3A97c2d366-8768-4ad0-9bb8-3621988d9e25%5D%2FPOI_Picture1,https://enugupoi.appspot.com/view/binaryData?blobKey=build_POI-Picture-Form_1374250655%5B%40version%3Dnull+and+%40uiVersion%3Dnull%5D%2Fdata%5B%40key%3Duuid%3A97c2d366-8768-4ad0-9bb8-3621988d9e25%5D%2FPOI_Picture2,,,,,,,,,,
Coal Camp Microfinance  Bank,Agbani Road,0,400,,,,POI001519,3,7.495846,6.408594,222,,Financial Institution,Christianity,0,Mayor,,,,,,,,,,,,,
Diamond Bank,Garden Avenue,0,400,,,,POI001562,2,7.49256,6.449976,237.100006,,Financial Institution,Christianity,3,garden avenue,,,,,,,,,,,,,
Diamond Bank,Okpara Avenue,0,400,,,,POI001626,2,7.487019,6.438818,244.600006,,Financial Institution,Christianity,2,Old Park,,,,,,,,,,,,,
Diamond Bank,Presidential Road,0,400,,,,POI001440,5,7.506364,6.440517,220.5,,Financial Institution,Christianity,2,Presidential road,,https://enugupoi.appspot.com/view/binaryData?blobKey=build_POI-Picture-Form_1374250655%5B%40version%3Dnull+and+%40uiVersion%3Dnull%5D%2Fdata%5B%40key%3Duuid%3A02a035ff-b4bb-42e6-a6d8-058a4259b22f%5D%2FPOI_Picture1,https://enugupoi.appspot.com/view/binaryData?blobKey=build_POI-Picture-Form_1374250655%5B%40version%3Dnull+and+%40uiVersion%3Dnull%5D%2Fdata%5B%40key%3Duuid%3A02a035ff-b4bb-42e6-a6d8-058a4259b22f%5D%2FPOI_Picture2,,,,,,,,,,
Ecobank,Okpara Avenue,0,400,,,,POI001570,2,7.493089,6.450689,227.399994,,Financial Institution,Christianity,1,Okpara Avenue,,,,,,,,,,,,,
Enterprise Bank,Amuri Road,0,400,,,,POI001508,5,7.516546,6.482518,203.899994,,Financial Institution,Christianity,0,Abakpa,,https://enugupoi.appspot.com/view/binaryData?blobKey=build_POI-Picture-Form_1374250655%5B%40version%3Dnull+and+%40uiVersion%3Dnull%5D%2Fdata%5B%40key%3Duuid%3Adae092f2-49a8-4729-a8c8-cefbba294a9c%5D%2FPOI_Picture1,https://enugupoi.appspot.com/view/binaryData?blobKey=build_POI-Picture-Form_1374250655%5B%40version%3Dnull+and+%40uiVersion%3Dnull%5D%2Fdata%5B%40key%3Duuid%3Adae092f2-49a8-4729-a8c8-cefbba294a9c%5D%2FPOI_Picture2,,,,,,,,,,
First Bank,Chime Avenue,0,400,,,,POI001603,2,7.514527,6.458042,201.800003,,Financial Institution,Christianity,3,chime,,,,,,,,,,,,,
First Bank,Okpara Avenue,0,400,,,,POI001494,4,7.488883,6.441125,239.300003,,Financial Institution,Christianity,3,Okpara Avenue,,,,,,,,,,,,,
First Bank,Okpara Avenue,0,400,,,,POI001625,2,7.486838,6.43871,245.899994,,Financial Institution,Christianity,5,Old Park,,https://enugupoi.appspot.com/view/binaryData?blobKey=build_POI-Picture-Form_1374250655%5B%40version%3Dnull+and+%40uiVersion%3Dnull%5D%2Fdata%5B%40key%3Duuid%3A11818bb0-8f25-4022-b2b6-357ed46fa0a1%5D%2FPOI_Picture1,https://enugupoi.appspot.com/view/binaryData?blobKey=build_POI-Picture-Form_1374250655%5B%40version%3Dnull+and+%40uiVersion%3Dnull%5D%2Fdata%5B%40key%3Duuid%3A11818bb0-8f25-4022-b2b6-357ed46fa0a1%5D%2FPOI_Picture2,,,,,,,,,,
First Bank,Presidential Road,0,400,,,,POI001588,2,7.509647,6.441311,231.800003,,Financial Institution,Christianity,3,Presidential Road,,https://enugupoi.appspot.com/view/binaryData?blobKey=build_POI-Picture-Form_1374250655%5B%40version%3Dnull+and+%40uiVersion%3Dnull%5D%2Fdata%5B%40key%3Duuid%3A7e6cf120-ea38-47d1-b369-e7e7bc95f3e0%5D%2FPOI_Picture1,https://enugupoi.appspot.com/view/binaryData?blobKey=build_POI-Picture-Form_1374250655%5B%40version%3Dnull+and+%40uiVersion%3Dnull%5D%2Fdata%5B%40key%3Duuid%3A7e6cf120-ea38-47d1-b369-e7e7bc95f3e0%5D%2FPOI_Picture2,,,,,,,,,,
First City Monumet Bank,Garden Avenue,0,400,,,,POI001472,5,7.492076,6.449178,234.899994,,Financial Institution,Christianity,2,Garden Avenue,,,,,,,,,,,,,
First City Monumet Bank,Market Road,0,400,,,,POI001475,3,7.488904,6.436575,222.399994,,Financial Institution,Christianity,1,Market Road,,,,,,,,,,,,,
Golden Fund Microfinance Bank,O'Connor Street,12,400,,,,POI001461,5,7.498953,6.443584,217.899994,,Financial Institution,Christianity,0,O&#39;Connor,,,,,,,,,,,,,
Green Bank,Abakaliki Road,0,400,,,,POI001505,5,7.508538,6.461183,218.199997,,Financial Institution,Christianity,0,Abakaliki Road,,,,,,,,,,,,,
Guaranty Trust Bank,Ogui Road,0,400,,,,POI001555,3,7.492607,6.437347,217.600006,,Financial Institution,Christianity,2,Ogui Road,,https://enugupoi.appspot.com/view/binaryData?blobKey=build_POI-Picture-Form_1374250655%5B%40version%3Dnull+and+%40uiVersion%3Dnull%5D%2Fdata%5B%40key%3Duuid%3A4abbebd1-8d29-4577-bcc6-43e40d41e60c%5D%2FPOI_Picture1,https://enugupoi.appspot.com/view/binaryData?blobKey=build_POI-Picture-Form_1374250655%5B%40version%3Dnull+and+%40uiVersion%3Dnull%5D%2Fdata%5B%40key%3Duuid%3A4abbebd1-8d29-4577-bcc6-43e40d41e60c%5D%2FPOI_Picture2,,,,,,,,,,
Skye Bank,Okpara Avenue,0,400,,,,POI001629,4,7.486486,6.438479,244,,Financial Institution,Christianity,2,Okpara ave,,https://enugupoi.appspot.com/view/binaryData?blobKey=build_POI-Picture-Form_1374250655%5B%40version%3Dnull+and+%40uiVersion%3Dnull%5D%2Fdata%5B%40key%3Duuid%3Aa958b233-3644-457a-bebf-4f49302a61b2%5D%2FPOI_Picture1,https://enugupoi.appspot.com/view/binaryData?blobKey=build_POI-Picture-Form_1374250655%5B%40version%3Dnull+and+%40uiVersion%3Dnull%5D%2Fdata%5B%40key%3Duuid%3Aa958b233-3644-457a-bebf-4f49302a61b2%5D%2FPOI_Picture2,,,,,,,,,,
UBA,Ogui Road,0,400,,,,POI001609,2,7.509464,6.456674,202.399994,,Financial Institution,Christianity,2,Otigba,,,,,,,,,,,,,
UBA,Presidential Road,0,400,,,,POI001553,2,7.520309,6.435841,238.300003,,Financial Institution,Christianity,2,Presidential Road,,https://enugupoi.appspot.com/view/binaryData?blobKey=build_POI-Picture-Form_1374250655%5B%40version%3Dnull+and+%40uiVersion%3Dnull%5D%2Fdata%5B%40key%3Duuid%3Ae0943752-8137-41ea-bc1a-8129ef855a41%5D%2FPOI_Picture1,https://enugupoi.appspot.com/view/binaryData?blobKey=build_POI-Picture-Form_1374250655%5B%40version%3Dnull+and+%40uiVersion%3Dnull%5D%2Fdata%5B%40key%3Duuid%3Ae0943752-8137-41ea-bc1a-8129ef855a41%5D%2FPOI_Picture2,,,,,,,,,,
Union Bank,Chime Avenue,0,400,,,,POI001612,4,7.511946,6.457437,210.699997,,Financial Institution,Christianity,1,Chime Avenue,,,,,,,,,,,,,
Union Bank,Garden Avenue,0,400,,,,POI001474,5,7.49096,6.445901,264.700012,,Financial Institution,Christianity,4,Garden Avenue,,,,,,,,,,,,,
Union Bank,Old Park Road,0,400,,,,POI001620,5,7.485022,6.438163,245.300003,,Financial Institution,Christianity,1,Old Park.Branch,,https://enugupoi.appspot.com/view/binaryData?blobKey=build_POI-Picture-Form_1374250655%5B%40version%3Dnull+and+%40uiVersion%3Dnull%5D%2Fdata%5B%40key%3Duuid%3A2330c2fa-48e8-4cd3-99e1-8fc2c5aacb93%5D%2FPOI_Picture1,https://enugupoi.appspot.com/view/binaryData?blobKey=build_POI-Picture-Form_1374250655%5B%40version%3Dnull+and+%40uiVersion%3Dnull%5D%2Fdata%5B%40key%3Duuid%3A2330c2fa-48e8-4cd3-99e1-8fc2c5aacb93%5D%2FPOI_Picture2,,,,,,,,,,
Zenith Bank,Okpara Avenue,0,400,,,,POI001616,3,7.486662,6.438383,244,,Financial Institution,Christianity,4,old park,,,,,,,,,,,,,
Zenith Bank,Presidential Road,0,400,,,,POI001587,5,7.508713,6.441007,219.899994,,Financial Institution,Christianity,2,Presidential rd,,https://enugupoi.appspot.com/view/binaryData?blobKey=build_POI-Picture-Form_1374250655%5B%40version%3Dnull+and+%40uiVersion%3Dnull%5D%2Fdata%5B%40key%3Duuid%3A50f83172-c520-4cba-b7c4-761918130496%5D%2FPOI_Picture1,https://enugupoi.appspot.com/view/binaryData?blobKey=build_POI-Picture-Form_1374250655%5B%40version%3Dnull+and+%40uiVersion%3Dnull%5D%2Fdata%5B%40key%3Duuid%3A50f83172-c520-4cba-b7c4-761918130496%5D%2FPOI_Picture2,,,,,,,,,,
Airport Road Residential Estate,Airport Road,0,400,,,,POI031070,2,7.536889,6.464304,209.399994,Others,Estate/Major Building,,,,,,,,,,,,,,,,
Airport Road Residential Estate,Old Airport Road,0,400,,,,POI031071,2,7.540243,6.464137,203.300003,Others,Estate/Major Building,,,,,,,,,,,,,,,,
Enugu State Government House Enugu,Independence Avenue,0,400,,,,POI000769,2,7.520459,6.443937,239.800003,,Estate/Major Building,Christianity,,,,,,,,,,,,,,,
Digital Cinema,Ezillo Street,0,400,,,,POI002427,5,7.528825,6.445441,228.199997,,Entertainment,Manufacturing Retail Wholesale,,,Entertainment,,,,,,,,,,,,
Glotor Garden Football Viewing Centre,Nza Street,1,400,,,,POI007524,2,7.519254,6.448916,232.800003,,Entertainment,Retail,,,Entertainment,,,,,,,,,,,,
British American Advanced College,Agbani Road,108,400,,,,POI000146,5,7.492749,6.416985,244.899994,Private,Educational Institution,Christianity,,,,,,,,,,,,,,,
Daughters Of Divine Love  Catholic Juniorate,Ikegbunam Street,0,400,,,,POI000064,3,7.51161,6.483858,251.600006,Others,Educational Institution,Christianity,,,,,,,,,,,,,,,
"Enugu State College Of Education (Technical), Enugu",Abakaliki Expressway,0,400,,,,POI000001,5,7.498635,6.460075,216.899994,Public,Educational Institution,Christianity,,,,https://enugupoi.appspot.com/view/binaryData?blobKey=build_POI-Picture-Form_1374250655%5B%40version%3Dnull+and+%40uiVersion%3Dnull%5D%2Fdata%5B%40key%3Duuid%3A4c6cc28a-0b85-4e56-b8ed-a577c327991f%5D%2FPOI_Picture1,https://enugupoi.appspot.com/view/binaryData?blobKey=build_POI-Picture-Form_1374250655%5B%40version%3Dnull+and+%40uiVersion%3Dnull%5D%2Fdata%5B%40key%3Duuid%3A4c6cc28a-0b85-4e56-b8ed-a577c327991f%5D%2FPOI_Picture2,,,,,,,,,,
Esut Business School,Garden Avenue,20,400,,,,POI000203,5,7.493836,6.452402,213.800003,Public,Educational Institution,Christianity,,,,,,,,,,,,,,,
Methodist College Enugu,Agbani Road,80,400,,,,POI000512,4,7.487499,6.419166,248.699997,NGO_Owned,Educational Institution,Christianity,,,,,,,,,,,,,,,
Police Children School,Abakaliki Road,0,400,,,,POI000390,5,7.522842,6.464118,209.699997,Public,Educational Institution,Christianity,,,,,,,,,,,,,,,
Queen Of Peace School,Km 2 Enugu/Onitsha Expressway,0,400,,,,POI000012,5,7.499874,6.472762,221.600006,Private,Educational Institution,Christianity,,,,,,,,,,,,,,,
Spring Of Life International Schools Enugu,Independence Avenue,0,400,8138754563,,,POI000032,5,7.512292,6.455605,179.899994,Private,Educational Institution,Christianity,,,,,,,,,,,,,,,
Union Secondary School,Amaech,0,400,,,,POI000222,2,7.495335,6.405891,211.100006,Public,Educational Institution,Christianity,,,,,,,,,,,,,,,
Girls Grammer School Bustop,Agbani Road,0,400,,,,POI031215,2,7.494078,6.400947,218.899994,Bus-Stop,Educational Institution,,,,,,,,,,,,,,,,
Gods Hand Academy,Ikegbunam Street,13,400,,,,POI017435,3,7.511373,6.485058,220.899994,,Educational Institution,service,,,Education,,,,,,,,,,,,
IMT Craft Workshop  Center,Abakaliki Road,0,400,,,,POI032695,2,7.499766,6.460793,227.399994,,Educational Institution,,,,,,,,,,,,,,,,
9ja Food,Nza Street,33,400,,,,POI007885,2,7.524698,6.451156,197.699997,,Eatery/Restaurant,Retail,,,Restaurant,,,,,,,,,,,,
A-Zee Restaurant,Ogui Road,71,400,8032742959,,,POI009429,3,7.498013,6.445287,233.800003,,Eatery/Restaurant,Retail,,,Restaurant Others,,,,,,,,,,,,
Chitis Pastries,Chime Avenue,97,400,8038777000,,,POI016392,2,7.519578,6.458473,205.300003,,Eatery/Restaurant,Retail Wholesale,,,Restaurant Others,,,,,,,,,,,,
Chitis Place,Ezillo Street,3,400,,,,POI002245,4,7.525402,6.444913,208.899994,,Eatery/Restaurant,Manufacturing,,,Restaurant,,,,,,,,,,,,
Chow Mein Chinese Take-Away,Abakaliki Road,0,400,,,,POI002059,5,7.504672,6.461287,210.699997,,Eatery/Restaurant,Manufacturing,,,Restaurant,,,,,,,,,,,,
Citi Chef,Ogui Road,35,400,042-303150,,,POI008443,2,7.494945,6.440827,230.899994,,Eatery/Restaurant,Retail,,,Restaurant Others,,,,,,,,,,,,
Coal City Restaurant,Nike Lake Road,0,400,,,,POI011919,2,7.512476,6.499814,209.100006,,Eatery/Restaurant,Retail,,,Restaurant,,,,,,,,,,,,
Helen's Cook/Restaurant,Nike Lake Road,0,400,,,,POI011449,2,7.504504,6.49211,217.100006,,Eatery/Restaurant,Retail,,,Restaurant,,,,,,,,,,,,
Item Seven Restarant,Nza Street,0,400,,,,POI007563,3,7.528925,6.451156,197.800003,,Eatery/Restaurant,Retail,,,Restaurant,,,,,,,,,,,,
Adesanya Book Centre,Chime Avenue,111,400,7055520824,,,POI016442,2,7.521005,6.458436,206.399994,,Corporate Organization,Retail Wholesale,,,Others,,,,,,,,,,,,
Albertina Nigeria Ltd,Zik Avenue,18,400,8064066170,albertinanig@yahoo.com,www.albertinaplaza.com,POI015310,2,7.494523,6.435222,223,,Corporate Organization,Retail Wholesale,,,Communication_IT Others,,,,,,,,,,,,
Anbeez Group Of Companies Limited,Km 2 Enugu/Onitsha Expressway,0,400,,,,POI002068,5,7.500367,6.473068,186.899994,,Corporate Organization,Manufacturing,,,Petrol_Station,,,,,,,,,,,,
Arab Construction Company,Vossan Drive,0,400,,,,POI005402,3,7.538819,6.440715,196,,Corporate Organization,Retail,,,Others,,,,,,,,,,,,
Bethel Law Firm,Agbani Road,228,400,8038728531,Theougwu@yahoo.com,,POI006409,2,7.495065,6.405743,222.899994,,Corporate Organization,Retail,,,Professional_Services,,,,,,,,,,,,
Book Center,Abakpa Nike Road,0,400,,,,POI012317,2,7.516755,6.48232,218.199997,,Corporate Organization,Retail Others,,,Others,,,,,,,,,,,,
Caveat Emptor,Nza Street,0,400,,,,POI031486,2,7.531363,6.450238,188.899994,Others,Corporate Organization,,,,,,,,,,,,,,,,
Choices,Independence Avenue,0,400,,,,POI005407,2,7.536666,6.448194,189.600006,,Corporate Organization,Retail,,,Restaurant,,,,,,,,,,,,
Coal City Industries,Presidential Road,4,400,,,,POI032576,2,7.504138,6.4404,219.800003,Others,Corporate Organization,,,,,,,,,,,,,,,,
Cosbry,Zik Avenue,0,400,,,,POI003700,5,7.49354,6.427982,234.199997,,Corporate Organization,Others,,,Communication_IT,,,,,,,,,,,,
Cypo Auto Ltd,Zik Avenue,70,400,8033013422,,,POI002500,4,7.492045,6.426737,233.600006,,Corporate Organization,Manufacturing Retail Wholesale,,,Others,,,,,,,,,,,,
De Inno Motors Limited,Zik Avenue,0,400,,,,POI003510,5,7.486372,6.420411,270.5,,Corporate Organization,Others,,,Others,,,,,,,,,,,,
Dee-Pee Bridal Planner,Nike Lake Road,0,400,8035901741,,,POI011795,2,7.504574,6.492172,213.699997,,Corporate Organization,Retail,,,Beauty_fashion,,,,,,,,,,,,
Delight Computers,Nike Lake Road,100,400,,,,POI009286,5,7.502706,6.488643,162.800003,,Corporate Organization,Retail,,,Communication_IT,,,,,,,,,,,,
Divine O Communication,Nike Road,70,400,8030857848,,,POI016867,2,7.51649,6.483594,214.699997,,Corporate Organization,service,,,Communication_IT,,,,,,,,,,,,
Dr Mike Ajogwu S.A.N Law Office,Umuawulu Street,23,400,,,,POI008324,3,7.524416,6.432169,242.800003,,Corporate Organization,Retail,,,Professional_Services,,,,,,,,,,,,
DSTV Entertainment Enugu Office,Ogui Road,0,400,8064937945,,www.dstv.com,POI002082,5,7.509196,6.456536,185.699997,,Corporate Organization,Manufacturing,,,Entertainment,,,,,,,,,,,,
Durich Bookshop,Agbani Road,80,400,,,,POI014377,3,7.488405,6.418924,250.300003,,Corporate Organization,Retail Wholesale,,,Education,,,,,,,,,,,,
Easy Prints Digital Colour Photo Lab,Agbani Road,179,400,8038767632,,,POI003956,5,7.495728,6.411677,232.899994,,Corporate Organization,Others,,,Others,,,,,,,,,,,,
Ego Bridal,Agbani Road,208,400,,,,POI002586,5,7.495581,6.408009,219.199997,,Corporate Organization,Manufacturing service,,,Beauty_fashion Others,,,,,,,,,,,,
Eldomatrix  Nig Limited,Enugu Porthacort Expressway,0,400,,,,POI006456,5,7.528318,6.41182,176.199997,,Corporate Organization,Retail,,,Petrol_Station,,,,,,,,,,,,
Emma Tyre,Agbani Road,0,400,8036508758,,,POI002980,5,7.480334,6.427604,232.5,,Corporate Organization,Mineral/Natural Resources,,,Others,,,,,,,,,,,,
Nigeria Communication Commission,Ugwuoba Street,2,400,042  251385,,,POI000585,2,7.530713,6.445846,209.600006,,Corporate Organization,Christianity,,,,,,,,,,,,,,,
Nigeria Deposite Insurance Corporation,Our Loroad's Street Indepencence Layout,10,400,,,,POI000575,2,7.528064,6.428088,230.100006,,Corporate Organization,Christianity,,,,,,,,,,,,,,,
Star Times Office,Nike Lake Road,2,400,,,,POI031680,2,7.501555,6.481395,231.300003,Others,Corporate Organization,,,,,,,,,,,,,,,,
Zona Executive Furniture,Agbani Road,0,400,8034075363,,,POI004103,4,7.490594,6.4179,235.300003,,Corporate Organization,Others,,,Others,,,,,,,,,,,,
Etisalat Enugu,Abakaliki Road,0,400,,,,POI007932,3,7.501442,6.461257,231.899994,,Corporate Organization,Retail,,,Communication_IT,,,,,,,,,,,,
Etisalat Experience Center,Presidential Road,0,400,,,,POI014702,2,7.50594,6.440269,222.399994,,Corporate Organization,Retail Wholesale,,,Professional_Services,,,,,,,,,,,,
Exotic Homes Limited,Solution Ground,0,400,"08033404216, 08183531525",,,POI002067,4,7.494146,6.472251,214,,Corporate Organization,Manufacturing,,,Beauty_fashion Professional_Services Others,,,,,,,,,,,,
Faith Books Center,Agbani Road,0,400,,,,POI003019,4,7.492605,6.417251,227.5,,Corporate Organization,Others,,,Education Others,,,,,,,,,,,,
Fancy Curtain Nigeria Limited,Ogui,88,400,8064148763,,,POI003637,5,7.49608,6.4424,236.5,,Corporate Organization,Others,,,Others,,,,,,,,,,,,
Favour GSM Holding,Agbani Road,0,400,8104712693,,,POI003756,3,7.495827,6.40871,212.300003,,Corporate Organization,Others,,,Others,,,,,,,,,,,,
Frank Communications Photo And Video,Agbani Road,0,400,8032670530,,,POI003991,5,7.483535,6.419802,269.5,,Corporate Organization,Others,,,Beauty_fashion Others,,,,,,,,,,,,
Geofresh Investment Limited,Nike Lake Road,99,400,8033134167,geofreshnigltd@yahoo.com,,POI009516,5,7.502936,6.489632,203.800003,,Corporate Organization,Retail,,,Others,,,,,,,,,,,,
George Nig Estate Agency,Abakpa Nike Road,10,400,8033480985,,,POI016010,2,7.517123,6.477315,195,,Corporate Organization,Retail Wholesale,,,Professional_Services,,,,,,,,,,,,
Glo World,Ogui Road,0,400,,,,POI009591,5,7.49606,6.442107,220.699997,,Corporate Organization,Retail,,,Communication_IT,,,,,,,,,,,,
Glo Zone Outlet,Nike Road,0,400,,,,POI031627,2,7.515133,6.491121,208.300003,Others,Corporate Organization,,,,,,,,,,,,,,,,
Gold Crest Concept,Zik Avenue,133,400,8033093325,,,POI002635,4,7.489074,6.42393,238.5,,Corporate Organization,Manufacturing service,,,Beauty_fashion,,,,,,,,,,,,
Golden Penny Flour Mills Nig Limited,Old Abakaliki Road,0,400,,,,POI010314,5,7.547097,6.464456,178.399994,,Corporate Organization,Retail,,,Others,,,,,,,,,,,,
Grandeur Communication Limited,Nike Lake Road,0,400,,,,POI011140,3,7.504475,6.492084,219.199997,,Corporate Organization,Retail,,,Communication_IT,,,,,,,,,,,,
Green World Intl,Agbani Road,332,400,8063311858,,,POI007513,5,7.494493,6.391754,239.800003,,Corporate Organization,Retail,,,Health,,,,,,,,,,,,
Guiness Bottling Company,Old Abakaliki Road,0,400,,,,POI010306,5,7.547579,6.464369,183.399994,,Corporate Organization,Retail,,,Others,,,,,,,,,,,,
Hidden Treasures Bookstore,Ogui Road,33,400,8079005413,hiddentreasures@yahoo.com,,POI008239,3,7.494754,6.440535,229.600006,,Corporate Organization,Retail,,,Education,,,,,,,,,,,,
Hilltop Digital Photo Lab,Agbani Road,0,400,,,,POI003064,5,7.495573,6.408133,237.800003,,Corporate Organization,Others,,,Professional_Services Others,,,,,,,,,,,,
Home Of Curtains And Interior,Ogui Road,168,400,7067008778,,,POI014944,2,7.500703,6.44858,217.100006,,Corporate Organization,Retail Wholesale,,,Others,,,,,,,,,,,,
House Of Expliots,Agbani Road,126,400,8068750898,,,POI003694,4,7.494563,6.416008,202.199997,,Corporate Organization,Others,,,Others,,,,,,,,,,,,
IAS Express/Mail Center,Presidential Road,0,400,,,,POI013570,2,7.510171,6.441007,233.5,,Corporate Organization,Retail Wholesale,,,Professional_Services,,,,,,,,,,,,
Ifedimma Bridals,Agbani Road,248,400,8037581855,,,POI007181,2,7.494705,6.404276,223.699997,,Corporate Organization,Retail,,,Beauty_fashion,,,,,,,,,,,,
J And J Techno Nig Limited,Abakaliki Expressway,0,400,8134399836,,,POI016668,2,7.539374,6.461262,190.899994,,Corporate Organization,Retail Wholesale,,,Professional_Services,,,,,,,,,,,,
Jabito Steel Construction Works,Abakaliki Expressway,0,400,,,,POI016296,2,7.537098,6.461288,193,,Corporate Organization,Retail Wholesale,,,Others,,,,,,,,,,,,
Jac Nig Enterprise,Enugu Port Harcourt Road,0,400,,,,POI006712,2,7.519021,6.39803,185.5,,Corporate Organization,Retail,,,Professional_Services Others,,,,,,,,,,,,
Jocima Nig Limited,Okpara Avenue,0,400,,,,POI003847,4,7.493932,6.453256,210.399994,,Corporate Organization,Others,,,Others,,,,,,,,,,,,
Joe Furniture,Agbani Road,0,400,8037722587,,,POI008686,2,7.494416,6.390988,223.5,,Corporate Organization,Retail,,,Others,,,,,,,,,,,,
Joeban Engineering Co. Ltd. (Highway Engineers And Consultants),Nike Road Trans-Ekulu,55,400,,,,POI013284,2,7.500375,6.48346,240.699997,,Corporate Organization,Retail Wholesale,,,Professional_Services,,,,,,,,,,,,
Joehill Agric Machineries Nig,Agbani Road,0,400,8030999176,,,POI003795,5,7.480458,6.427929,240.100006,,Corporate Organization,Others,,,Others,,,,,,,,,,,,
Joenek Store Nig Limited,Azummini Street,2,400,,,,POI009196,5,7.503543,6.490091,222.300003,,Corporate Organization,Retail,,,Others,,,,,,,,,,,,
John And John Aluminium Company,Nike Lake Road,10,400,8037465177,,,POI013468,4,7.505712,6.494298,195.699997,,Corporate Organization,Retail Wholesale,,,Others,,,,,,,,,,,,
John Holt Engineering Leasing Services,Okpara Avenue,0,400,,,,POI002135,5,7.489547,6.441815,242.600006,,Corporate Organization,Manufacturing,,,Others,,,,,,,,,,,,
Jonaco Nig Enterprises,City Layout Abakaliku Expressway,22,400,8037100723,,,POI017876,3,7.536715,6.461418,194.199997,,Corporate Organization,service,,,Others,,,,,,,,,,,,
Jonatex Motors,Independence Avenue,0,400,,,,POI005408,2,7.527349,6.443287,210,,Corporate Organization,Retail,,,Others,,,,,,,,,,,,
Joy Live Enterprises Nigeria(Haier Thermocool),Nike Lake Road,49,400,,,,POI016881,5,7.51674,6.482981,213.600006,,Corporate Organization,service,,,Others,,,,,,,,,,,,
Just Cars,Abakaliki Road,38,400,8034719444,panokserv@yahoo.com,,POI002161,4,7.503918,6.461105,236.399994,,Corporate Organization,Manufacturing,,,Others,,,,,,,,,,,,
Ken Motors Bmw,Agbani Road,300,400,,,,POI007178,2,7.494293,6.397891,207.600006,,Corporate Organization,Retail,,,Others,,,,,,,,,,,,
Kia Motors,Abakaliki Road,0,400,,,,POI005488,2,7.549607,6.459929,182.800003,,Corporate Organization,Retail,,,Others,,,,,,,,,,,,
Kixora Optins Wine And Spirit Shop,Ogui Road,0,400,8037046077,,,POI008577,2,7.500312,6.4481,225,,Corporate Organization,Retail,,,Others,,,,,,,,,,,,
Kosbry's Shoes,Zik Avenue,116,400,,,,POI003100,5,7.489729,6.424497,219.5,,Corporate Organization,Others,,,Beauty_fashion,,,,,,,,,,,,
La Playa Parfumes,Ogui Road,0,400,,,,POI002483,5,7.500515,6.448403,224.100006,,Corporate Organization,Manufacturing Retail Wholesale,,,Others,,,,,,,,,,,,
Legacy Telecommunication,Amuri Road,2,400,,,,POI016366,3,7.516349,6.482542,214.800003,,Corporate Organization,Retail Wholesale,,,Communication_IT Others,,,,,,,,,,,,
LG Shop,Nike Road,0,400,,,,POI017670,2,7.516339,6.484666,220.100006,,Corporate Organization,service,,,Others,,,,,,,,,,,,
LG Showroom,Nike Lake Road,5,400,,,,POI012644,2,7.502265,6.480362,223.300003,,Corporate Organization,Retail Others,,,Communication_IT Entertainment Others,,,,,,,,,,,,
Locomotion Digital And Video Production,Agbani Road,180,400,7037939839,,,POI003373,5,7.495489,6.411074,213.600006,,Corporate Organization,Others,,,Communication_IT Entertainment Professional_Services,,,,,,,,,,,,
Logonnigeria E-Center,Chime Avenue,18,400,,,,POI018496,3,7.512739,6.457651,208.5,,Corporate Organization,service,,,Communication_IT,,,,,,,,,,,,
Lufthansa House,Chime Avenue,34,400,,,,POI002907,5,7.514097,6.457971,201.300003,,Corporate Organization,Manufacturing Wholesale,,,Others,,,,,,,,,,,,
Mai Computers,Agbani Road,107,400,8063540415,,,POI002492,4,7.491284,6.417619,241.5,,Corporate Organization,Manufacturing Retail Wholesale,,,Communication_IT Professional_Services,,,,,,,,,,,,
Mantex Steel Ventures,Nike Lake Road,7,400,8039367371,,,POI014230,4,7.505674,6.494181,202.399994,,Corporate Organization,Retail Wholesale,,,Others,,,,,,,,,,,,
Maranatha Plaza,Nike Lake Road,153,400,,,,POI011496,3,7.508152,6.497887,210.300003,,Corporate Organization,Retail,,,Others,,,,,,,,,,,,
Md Furnitures Show Room,Zik Avenue,30,400,8033368179,,,POI015079,5,7.494017,6.433287,222.800003,,Corporate Organization,Retail Wholesale,,,Others,,,,,,,,,,,,
Mobil Filling Station,Zik Avenue,49,400,8063785442,,,POI003898,5,7.493472,6.427762,234.5,,Corporate Organization,Others,,,Communication_IT,,,,,,,,,,,,
MRF Tyres And Wheels,Agbani Road,32,400,,,,POI004560,5,7.480314,6.427441,233.800003,,Corporate Organization,Others,,,Others,,,,,,,,,,,,
MTN Office,Amuri Road,0,400,,,,POI002225,5,7.506931,6.481951,212,,Corporate Organization,Manufacturing,,,Communication_IT,,,,,,,,,,,,
MTN Outlet,Amuri Road,0,400,,,,POI013615,2,7.503246,6.481993,235.399994,,Corporate Organization,Retail Wholesale,,,Others,,,,,,,,,,,,
MTN Partner,Okpara Avenue,0,400,,,,POI003443,5,7.488228,6.439788,263.5,,Corporate Organization,Others,,,Communication_IT,,,,,,,,,,,,
Mtouch Multimedia,Agbani Road,0,400,"08036652684, 08037363265",,www.mtouchmultimedia.com,POI003368,5,7.4914,6.417569,236.100006,,Corporate Organization,Others,,,Entertainment,,,,,,,,,,,,
Office And  Homes Limited,Ogui Road,64,400,8033159925,,,POI008299,4,7.495076,6.44063,226.399994,,Corporate Organization,Retail,,,Others,,,,,,,,,,,,
Office Tables And Assories,Zik Avenue,0,400,,,,POI003409,5,7.494387,6.429835,237.399994,,Corporate Organization,Others,,,Professional_Services Others,,,,,,,,,,,,
Our Saviour Press Limited,Agbani Road,0,400,,,,POI003031,5,7.482834,6.419792,262.600006,,Corporate Organization,Others,,,Communication_IT,,,,,,,,,,,,
PHCN Awkunanaw Service Centre,Agbani Road,0,400,,,,POI000649,2,7.494196,6.402078,221,,Corporate Organization,Christianity,,,,,,,,,,,,,,,
Pleasure Enterprise Nigeria,Nike Road Abakpa Market,0,400,,,,POI015084,2,7.516776,6.481749,211.199997,,Corporate Organization,Retail Wholesale,,,Restaurant,,,,,,,,,,,,
Prawa,Nza Street,0,400,8045258596,,,POI007562,2,7.5278,6.451122,200.300003,,Corporate Organization,Retail,,,Trade_Union_Professional_Body,,,,,,,,,,,,
PZ Cussons Nig Plc,Airport Road,0,400,,,,POI008357,2,7.554293,6.460802,192.199997,,Corporate Organization,Retail,,,Others,,,,,,,,,,,,
Qlink House,Zik Avenue,121,400,8184842605,,,POI003930,5,7.489812,6.424451,223.600006,,Corporate Organization,Others,,,Others,,,,,,,,,,,,
Rabboni Nigeria Limited (Printers And Publishers),Amuri Road,90,400,,,,POI013619,2,7.50596,6.48206,223.699997,,Corporate Organization,Retail Wholesale,,,Others,,,,,,,,,,,,
Rockland Development Limited,Nza Street,13,400,8057122516,rockland@yahoo.com,,POI002193,5,7.522137,6.450151,210.399994,,Corporate Organization,Manufacturing,,,Others,,,,,,,,,,,,
Satellite News Press,Gariki Awkunanaw,0,400,,,,POI006073,2,7.49314,6.383283,240.800003,,Corporate Organization,Retail,,,Others,,,,,,,,,,,,
Setraco Nig Ltd,IBB Airport Link Road,0,400,,,,POI005978,5,7.549234,6.45986,168.399994,,Corporate Organization,Retail,,,Others,,,,,,,,,,,,
SO Nnamoko Gas People/ Kitchen Utensils,Agbani Road,80,400,8134286818,,,POI013268,2,7.488333,6.41896,239.899994,,Corporate Organization,Retail Wholesale,,,Others,,,,,,,,,,,,
St Dona Ventures,Agbani Road,350,400,,,,POI005727,5,7.493204,6.384683,295.299988,,Corporate Organization,Retail,,,Others,,,,,,,,,,,,
Startimes,Okpara Avenue,0,400,,,,POI010115,5,7.501983,6.461329,282.899994,,Corporate Organization,Retail,,,Communication_IT,,,,,,,,,,,,
State Emblem Office,Presidential Road,0,400,,,,POI013720,5,7.508801,6.441153,237.199997,,Corporate Organization,Retail Wholesale,,,Trade_Union_Professional_Body,,,,,,,,,,,,
Television Warehouse,Agbani Road,80,400,,,,POI011822,2,7.488605,6.41887,245,,Corporate Organization,Retail,,,Others,,,,,,,,,,,,
The Apparel Haute Couture,Ogui Road,38,400,8037108757,,,POI008036,4,7.493752,6.438931,243.899994,,Corporate Organization,Retail,,,Beauty_fashion,,,,,,,,,,,,
The Eastern Nigeria Industrial Estate Limited,Zik Avenue,30,400,42333163,,,POI011971,2,7.4941,6.433626,223.300003,,Corporate Organization,Retail,,,Others,,,,,,,,,,,,
The Pilgrim Newspaper,Agbani Road,0,400,,,,POI003029,5,7.482834,6.419847,276.200012,,Corporate Organization,Others,,,Communication_IT,,,,,,,,,,,,
Tonytex Aluminium Company,Nike Lake Road,3,400,8033909650,,,POI014094,4,7.505704,6.49405,221.100006,,Corporate Organization,Retail Wholesale,,,Others,,,,,,,,,,,,
Trans Globim Nigeria Limited Global Infrastructure And Management,Nza Street,20,400,7029396084,,www.globim.com,POI002163,5,7.522962,6.450564,198.899994,,Corporate Organization,Manufacturing,,,Others,,,,,,,,,,,,
Tycoon Motors Intl Limited,Agbani Road,0,400,,,,POI014279,2,7.482773,6.419735,254.699997,,Corporate Organization,Retail Wholesale,,,Petrol_Station,,,,,,,,,,,,
Uk's Beauty Palour,Ihiala Avenue,0,400,,,,POI005581,3,7.533958,6.460052,195.800003,,Corporate Organization,Retail,,,Beauty_fashion,,,,,,,,,,,,
Ups Express,Ogui Road,87,400,,,,POI008853,3,7.498956,6.446597,223.199997,,Corporate Organization,Retail,,,Others,,,,,,,,,,,,
Urstan Technical,Agbani Road,181,400,,,,POI002502,5,7.495722,6.411536,230.600006,,Corporate Organization,Manufacturing Retail Wholesale,,,Others,,,,,,,,,,,,
Vidac Equipment Nigeria Limited,Kano Street,3,400,8036849063,,,POI002850,5,7.480428,6.427794,223.199997,,Corporate Organization,Manufacturing service Retail Others,,,Others,,,,,,,,,,,,
Visaphone Office,Ogui Road,0,400,,,,POI015663,5,7.50736,6.454973,189,,Corporate Organization,Retail Wholesale,,,Communication_IT,,,,,,,,,,,,
Afrihealth Optonet Association,Nza Street,15,400,,,,POI007624,2,7.522298,6.450262,214.800003,,Corporate Organization,Retail,,,Health,,,,,,,,,,,,
Jezco Oil Limited,Agbani Road,142,400,,,,POI003661,5,7.494917,6.41404,225.399994,,Oil And Gas Installations,Others,,,Professional_Services Others,,,,,,,,,,,,
Jola Shopping Plaza,Ogui,186,400,,,,POI015662,5,7.505291,6.453475,206.100006,,Market,Retail Wholesale,,,Others,,,,,,,,,,,,
Juhel Petrol Station,Nike Lake Expressway Trans Ekulu,0,400,,,,POI002061,5,7.504713,6.476755,207.800003,,Oil And Gas Installations,Manufacturing,,,Petrol_Station,,,,,,,,,,,,
Kanto Petrolum Station,Agbani Road,0,400,,,,POI006098,5,7.493399,6.384228,239.300003,,Oil And Gas Installations,Retail,,,Petrol_Station Others,,,,,,,,,,,,
Lion Building,Government House,0,400,,,,POI000887,4,7.519374,6.447427,235.899994,,Estate/Major Building,Christianity,,,,,,,,,,,,,,,
Living Faith Church World-Wide,Agbani Road,76,400,,,,POI030978,5,7.481466,6.422475,235,,Religious Body/Place Of Worship,,,,,,,,,,,,,,,,
Marco Oil,Presidential Road,0,400,,,,POI002097,4,7.507939,6.441067,218.800003,,Oil And Gas Installations,Manufacturing,,,Petrol_Station,,,,,,,,,,,,
Masters Energy,Abakaliki Road,0,400,,,,POI019079,2,7.537617,6.461288,196.699997,,Oil And Gas Installations,service,,,Petrol_Station,,,,,,,,,,,,
Masters Energy Oil Oil Gas,Nike Lake Road Trans Ekulu,0,400,,,,POI002069,3,7.505084,6.476293,217.199997,,Oil And Gas Installations,Manufacturing,,,Petrol_Station,,,,,,,,,,,,
Mcchuks Medical Diagnostic Center,Agbani Road,105,400,"042226058, 08036696165",,,POI003430,5,7.491021,6.417719,262.700012,,Health Facility,Others,,,Health Professional_Services,,,,,,,,,,,,
Mcmanuel Energy Oil And Gas Limited,Ogui,0,400,,,,POI015754,5,7.507043,6.45471,192.699997,,Oil And Gas Installations,Retail Wholesale,,,Petrol_Station,,,,,,,,,,,,
Mesters Energy Feul Station,Nike Lake Road,0,400,,,,POI010991,2,7.514165,6.500438,200.300003,,Oil And Gas Installations,Retail,,,Petrol_Station,,,,,,,,,,,,
Methodist Church,Agbani Road,80,400,,,,POI030946,5,7.487515,6.419129,237.800003,,Religious Body/Place Of Worship,,,,,,,,,,,,,,,,
Methodist Church Of Nigeria,Zik Avenue,1,400,,,,POI030236,2,7.494859,6.435205,217.5,,Religious Body/Place Of Worship,,,,,,,,,,,,,,,,
Michael Okpara Square,Independence Avenue,0,400,,,,POI032743,3,7.518004,6.438675,241.800003,,Recreational Centre,,,,,,,,,,,,,,,,
Ministry Of Education(Teachershouse),Ogui Road,0,400,,,,POI001083,5,7.509702,6.458077,208,,Club/Social Organization,Christianity,,,,,,,,,,,,,,,
Mouka Foam Depot,Nike Lake Road,172,400,7033595266,,,POI012844,3,7.508525,6.497993,212,,Market,Retail Wholesale,,,Others,,,,,,,,,,,,
Mountain Of Fire And Miracle Ministry,Nza Street,91,400,,,,POI029795,2,7.535232,6.452326,187.699997,,Religious Body/Place Of Worship,,,,,,,,,,,,,,,,
Mountain Of Fire And Miracles Ministries,Zik Avenue,3,400,,,,POI030392,2,7.494785,6.435785,221.699997,,Religious Body/Place Of Worship,,,,,,,,,,,,,,,,
Mr Bigg's,Agbani Road,0,400,,,,POI003184,5,7.491405,6.417369,225.600006,,Eatery/Restaurant,Others,,,Restaurant,,,,,,,,,,,,
Mr Bigg's,Okpara Avenue,25,400,,,,POI002116,5,7.490489,6.443028,247,,Eatery/Restaurant,Manufacturing,,,Restaurant,,,,,,,,,,,,
Mr Bigs Stuffs,Ogui Road,152,400,,,,POI001170,4,7.499787,6.44744,227.699997,,Eatery/Restaurant,Christianity,,,,https://enugupoi.appspot.com/view/binaryData?blobKey=build_POI-Picture-Form_1374250655%5B%40version%3Dnull+and+%40uiVersion%3Dnull%5D%2Fdata%5B%40key%3Duuid%3Adb260556-ec3a-4bb9-8464-f2e215beeba9%5D%2FPOI_Picture1,https://enugupoi.appspot.com/view/binaryData?blobKey=build_POI-Picture-Form_1374250655%5B%40version%3Dnull+and+%40uiVersion%3Dnull%5D%2Fdata%5B%40key%3Duuid%3Adb260556-ec3a-4bb9-8464-f2e215beeba9%5D%2FPOI_Picture2,,,,,,,,,,
Naira Triangle Recreational Centre,Naira Triangle,0,400,,,,POI032640,2,7.541445,6.459583,182.100006,,Recreational Centre,,,,,,,,,,,,,,,,
Naria Triangle Gardern,Abakaliki Road,0,400,,,,POI005693,3,7.542429,6.46058,189.899994,,Recreational Centre,Retail,,,Restaurant,,,,,,,,,,,,
National Emergency Management Agency,Ezillo Street,55,400,,,,POI000930,4,7.534563,6.449421,187.600006,,Government Parastatals,Christianity,,,,https://enugupoi.appspot.com/view/binaryData?blobKey=build_POI-Picture-Form_1374250655%5B%40version%3Dnull+and+%40uiVersion%3Dnull%5D%2Fdata%5B%40key%3Duuid%3A6a708761-08b6-4973-802c-54f255d147e0%5D%2FPOI_Picture1,https://enugupoi.appspot.com/view/binaryData?blobKey=build_POI-Picture-Form_1374250655%5B%40version%3Dnull+and+%40uiVersion%3Dnull%5D%2Fdata%5B%40key%3Duuid%3A6a708761-08b6-4973-802c-54f255d147e0%5D%2FPOI_Picture2,,,,,,,,,,
National Information Technology Agency,Amaech Street,0,400,,,,POI001025,3,7.495374,6.406032,214.699997,,Government Parastatals,Christianity,,,,,,,,,,,,,,,
National Lottery Regulatory Commission,Ezillo Street,11,400,,,,POI000855,5,7.527417,6.445153,234,,Government Parastatals,Christianity,,,,,,,,,,,,,,,
National Museum Of Unity Enugu,Abakaliki Road,0,400,,,,POI032217,4,7.50853,6.461265,213.899994,Others,Historical Monument/Artifacts,,,,,,,,,,,,,,,,
Nature's Emporiom Fitness Centre,Chime Avenue,60,400,7054683155,,,POI002469,5,7.517404,6.45841,193.399994,,Recreational Centre,Manufacturing Retail Wholesale,,,Health,,,,,,,,,,,,
New Berries Park,Abakaliki Road,0,400,,,,POI032172,5,7.508943,6.46138,215.5,Play Ground,Recreational Centre,,,,,,,,,,,,,,,,
Nigeria Christian Pilgrim Commission,Ezillo Street,11,400,,,,POI000880,3,7.527638,6.445296,199.300003,,Government Parastatals,Christianity,,,,,,,,,,,,,,,
Nigeria Coal Corporation,Okpara Avenue,29,400,,,,POI001008,5,7.490373,6.443783,256.100006,,Government Parastatals,Christianity,,,,,,,,,,,,,,,
Nigeria Institute For Triponomiasis Research,Presidential Road,0,400,,,,POI000945,4,7.51024,6.440908,224.5,,Government Parastatals,Christianity,,,,https://enugupoi.appspot.com/view/binaryData?blobKey=build_POI-Picture-Form_1374250655%5B%40version%3Dnull+and+%40uiVersion%3Dnull%5D%2Fdata%5B%40key%3Duuid%3Ab60c721e-cee6-4099-bafb-6e3aaaf1893e%5D%2FPOI_Picture1,https://enugupoi.appspot.com/view/binaryData?blobKey=build_POI-Picture-Form_1374250655%5B%40version%3Dnull+and+%40uiVersion%3Dnull%5D%2Fdata%5B%40key%3Duuid%3Ab60c721e-cee6-4099-bafb-6e3aaaf1893e%5D%2FPOI_Picture2,,,,,,,,,,
Nigerian Airforce Base Enugu,Airport Road,0,400,,,,POI032544,2,7.560364,6.466478,187.800003,Air Force Formation,Security,,,,,,,,,,,,,,,,
Nigerian Postal Service,Ogui Road,0,400,,,,POI000877,5,7.509468,6.458315,196.300003,,Government Parastatals,Christianity,,,,,,,,,,,,,,,
Nitel Zonal Office,Ogui Road,0,400,,,,POI000796,2,7.509598,6.45911,214.100006,,Government Parastatals,Christianity,,,,,,,,,,,,,,,
Nugget Suites,Abakaliki Road,0,400,,,,POI009999,5,7.503842,6.461264,245.199997,,Hospitality Business,Retail,,,Others,,,,,,,,,,,,
Nwaneri Botanic Centre Limited,Zik Avenue,35,400,8037421040,,,POI012194,2,7.494009,6.432619,225.899994,,Corporate Organization,Retail Others,,,Health,,,,,,,,,,,,
Okpara Sqaure Love Garden,Aguleri Street,0,400,,,,POI032745,2,7.523635,6.442752,226.199997,,Recreational Centre,,,,,,,,,,,,,,,,
Old Trade Fair Complex,Okpara Avenue,0,400,,,,POI032193,5,7.495186,6.456385,236.300003,shopping Mall,Historical Monument/Artifacts,,,,,,,,,,,,,,,,
One Man Show Eatry,Nza Street,1,400,8141756777,,,POI005589,2,7.519349,6.448795,240.800003,,Eatery/Restaurant,Retail,,,Restaurant,,,,,,,,,,,,
Oz Restaurant,Presidential Road,0,400,,,,POI013593,5,7.502663,6.441233,200.300003,,Eatery/Restaurant,Retail Wholesale,,,Restaurant,,,,,,,,,,,,
Ozomac Aluminium Products Limited,Enugu Onitsha Expressway,0,400,"042-451909, 042-551711,08037142100",,,POI002063,4,7.491827,6.471654,217,,Corporate Organization,Manufacturing,,,Professional_Services Others,,,,,,,,,,,,
Pabinice Relaxation Bar And Event Venue,Nza Street,87,400,8038606294,,,POI008331,2,7.534536,6.452079,184.699997,,Entertainment,Retail,,,Restaurant Others,,,,,,,,,,,,
PDP South East Zonal Headquarters,Chime Lane,1,400,,,,POI017485,2,7.509859,6.46039,207.300003,,Political Party Office,service,,,Others,,,,,,,,,,,,
Petroleum Equalisation Fund Board,Ezillo Street,62,400,,,,POI000946,5,7.535889,6.450252,193.699997,,Government Parastatals,Christianity,,,,https://enugupoi.appspot.com/view/binaryData?blobKey=build_POI-Picture-Form_1374250655%5B%40version%3Dnull+and+%40uiVersion%3Dnull%5D%2Fdata%5B%40key%3Duuid%3A1dc39a2e-d73f-4091-b84c-343041487e21%5D%2FPOI_Picture1,https://enugupoi.appspot.com/view/binaryData?blobKey=build_POI-Picture-Form_1374250655%5B%40version%3Dnull+and+%40uiVersion%3Dnull%5D%2Fdata%5B%40key%3Duuid%3A1dc39a2e-d73f-4091-b84c-343041487e21%5D%2FPOI_Picture2,,,,,,,,,,
Police Detective College,Agbani Road,0,400,,,,POI032492,3,7.485347,6.419594,251,Air Force Formation,Security,,,,,,,,,,,,,,,,
Post Office,Zik Avenue,0,400,,,,POI031743,2,7.494292,6.434178,208.800003,Others,Public Facility,,,,,,,,,,,,,,,,
Post Primary Management Board,Abakaliki Road,0,400,,,,POI032092,5,7.507562,6.461605,227.399994,Others,Government Parastatals,,,,,,,,,,,,,,,,
Praise Chapel,Agbani Road,120,400,,,,POI030892,4,7.493843,6.416502,227.5,,Religious Body/Place Of Worship,,,,,,,,,,,,,,,,
Purity And Power Liberation Assembly,Thinkers Corner,1,400,,,,POI029392,2,7.529804,6.463691,226.399994,,Religious Body/Place Of Worship,Wholesale,,,,,,,,,,,,,,,
Redeemed Christain Church Of God,Abakaliki Road,0,400,,,,POI030856,5,7.507596,6.461054,221.100006,,Religious Body/Place Of Worship,,,,,,,,,,,,,,,,
Revival Wave Assembly,Agbani Road,264,400,,,,POI029540,2,7.494336,6.402874,221.600006,,Religious Body/Place Of Worship,Wholesale,,,,,,,,,,,,,,,
Royal Garden Restuarant,Nike Road,184,400,,,,POI011558,5,7.51481,6.49263,205.199997,,Eatery/Restaurant,Retail,,,Restaurant,,,,,,,,,,,,
SC Industrial Gas Manufactures Limited,Nkpologwu Emene,0,400,,,,POI008734,2,7.559752,6.456338,175.699997,,Industry,Retail,,,Professional_Services,,,,,,,,,,,,
Sir Kings Art World,Agbani Road,256,400,8136347826,,,POI006422,2,7.494476,6.403523,223.600006,,Historical Monument/Artifacts,Retail,,,Others,,,,,,,,,,,,
St Christopher's  Security Services Limited,Agbani Road,0,400,,,,POI032496,5,7.491745,6.41723,234.399994,Others,Security,,,,,,,,,,,,,,,,
St Dominic Catholic Parish,Abakaliki Road,0,400,,,,POI029916,2,7.547219,6.460272,185.300003,,Religious Body/Place Of Worship,,,,,,,,,,,,,,,,
St Peter's Anglican Church,Thinkers Corner,0,400,,,,POI029351,2,7.531731,6.466263,216.699997,,Religious Body/Place Of Worship,Wholesale,,,,,,,,,,,,,,,
Stadium Shopping Complex,Ogui Road,0,400,,,,POI031301,5,7.496351,6.442839,232.100006,shopping Mall,Market,,,,,,,,,,,,,,,,
Swiss Garden,Zik Avenue,175,400,,,,POI002521,5,7.486523,6.421187,273.5,,Recreational Centre,Manufacturing service,,,Health,,,,,,,,,,,,
Synergy Medical Laboratory,Chime Avenue,5,400,042-300371,,,POI002852,4,7.512656,6.457962,197.399994,,Health Facility,Manufacturing service Retail Wholesale,,,Health,,,,,,,,,,,,
The Church Of Jesus Christ Of Latter Days Saints,Nike Lake Road,0,400,,,,POI029947,5,7.503389,6.490359,233,,Religious Body/Place Of Worship,,,,,,,,,,,,,,,,
The Place Resturant And Bar,Amuri Road,0,400,8032181708,,,POI012281,2,7.509481,6.482085,226.600006,,Eatery/Restaurant,Retail Others,,,Restaurant,,,,,,,,,,,,
The Presbyterian Church Of Nigeria,Chime Avenue,0,400,,,,POI030797,5,7.523535,6.458304,192.899994,,Religious Body/Place Of Worship,,,,,,,,,,,,,,,,
The Redeem Evangelical Mission,Enugu Abakaliki Expressway,0,400,,,,POI029349,2,7.526742,6.462784,219.100006,,Religious Body/Place Of Worship,Wholesale,,,,,,,,,,,,,,,
"The Redeemed Christian Church God, House Of God",Independence Avenue,0,400,,,,POI030603,2,7.512266,6.45563,195.399994,,Religious Body/Place Of Worship,,,,,,,,,,,,,,,,
"The Redeemed Christian Church God, House Of God",Nike Lake Road,0,400,,,,POI030177,2,7.514116,6.500237,199.100006,,Religious Body/Place Of Worship,,,,,,,,,,,,,,,,
The Redeemed Christian Church Of God,Umuawulu Street,0,400,,,,POI029655,2,7.52683,6.430648,239.399994,,Religious Body/Place Of Worship,Wholesale,,,,,,,,,,,,,,,
The Ugwuaji Home Of Home Statue,Ugwuaji Road By Flyover,0,400,,,,POI031085,2,7.530236,6.415419,201.199997,Others,Historical Monument/Artifacts,,,,,,,,,,,,,,,,
Tocee Event World,Zik Avenue,148,400,8037456446,,,POI004119,5,7.487896,6.423018,253.300003,,Entertainment,Others,,,Beauty_fashion,,,,,,,,,,,,
